functional_archetype,dormant,failure,success,success_rate
analyzer,6656,867,4884,0.3936487466752322
communicator,2129,500,2528,0.4902074849717878
creator,38672,734,5307,0.11869031377898781
enforcer,1947,375,1640,0.41393235739515044
monitor,3297,1750,10049,0.6656730259670995
organizer,17770,2373,12265,0.3784559368057153
unknown,69,12,39,0.3249999999972917
