team_orientation,dormant,failure,success,success_rate
individual,68878,6024,33906,0.311613116682594
larger_team,371,246,1081,0.6366313309772458
small_team,941,294,1538,0.5546339704289381
unknown,350,47,187,0.3202054794515065
