use_case_context,dormant,failure,success,success_rate
entertainment,404,15,79,0.1586345381522919
general_productivity,24106,3445,16502,0.37459423875785136
personal_productivity,3327,209,1792,0.3363363363362732
personal_use_case,12134,232,2932,0.19165904039742504
specific_use_case,30524,2703,15386,0.31649970172586933
test_or_placeholder,33,2,19,0.35185185184533607
unknown,12,5,2,0.10526315788919667
