autonomy_level,dormant,failure,success,success_rate
autonomous,25952,3818,20242,0.40474286171318075
consultative,34320,1466,9130,0.20326832309198944
human_in_the_loop,10070,1294,7222,0.38857204347356133
unknown,198,33,118,0.3381088825205212
