,domain_industry_vertical=creative_design,domain_industry_vertical=education_academic,domain_industry_vertical=finance_accounting,domain_industry_vertical=general_cross_functional,domain_industry_vertical=hr_people,domain_industry_vertical=it_engineering,domain_industry_vertical=legal_compliance,domain_industry_vertical=marketing_content,domain_industry_vertical=personal_productivity,domain_industry_vertical=project_management_ops,domain_industry_vertical=sales_crm,domain_industry_vertical=unknown
domain_knowledge_depth=deep,-0.09952856241577612,0.019455873378803678,0.12979163123723517,0.035734431601495024,0.05139998770760747,0.03144258828930216,0.32350383942636696,-0.048959358742985994,-0.054779655157357526,-0.09576569146705026,0.049856511798527674,-0.0048083885592949465
domain_knowledge_depth=light,-0.17795127382890605,-0.1430281668383221,-0.08294867112784758,-0.07897715572158723,-0.027785392496405558,-0.07167775655459563,-0.08950946885536638,-0.20577002720451387,0.06337470606508552,0.5026191104475493,-0.05046901975336307,-0.010921584812610952
domain_knowledge_depth=moderate,0.27413625689905863,0.18311232904535693,0.043734980762677886,0.00793962411833408,0.023710482316399193,0.0879371850079632,-0.0589146585384738,0.2925083328395512,-0.12483727981844901,-0.5418095990221202,0.05706386345875345,-0.015479224819013782
domain_knowledge_depth=none,-0.09142637531799526,-0.10036009104263491,-0.05882665967005363,0.08338600862037661,-0.04268238264710618,-0.06359460012507245,-0.04809840001499228,-0.12411001353993115,0.16303315337652927,0.20251352499958605,-0.061825257179059165,0.014700547144338558
domain_knowledge_depth=unknown,-0.005272910676983592,-0.004525652936339707,-0.002398162818229565,-0.003555177631072244,-0.0017768566659819096,-0.002592535532622895,-0.0019608081638368296,-0.005077801868786854,-0.0029190744782497395,-0.009376626515868994,-0.002520405439062829,0.7705077539429519
