,create_document_page,create_google_calendar_event,create_list,create_subtask,create_task,delete_memory
execution_dataset=collection_scoped,0.016286626158397557,0.012938291225017377,0.020215898503526942,-0.006922364026031275,0.056134405695206224,-0.001346102064068337
execution_dataset=collection_unbounded,0.011018519731639032,0.01976670381954857,-0.012511025391483186,-0.030677337669795152,-0.013359548739650449,0.005537633028222742
execution_dataset=single_asset_from_user,0.000259700157606188,-0.00340240545577296,-0.011336889926387426,-0.01999613881278775,0.00977722541807384,-0.0039378052870047316
execution_dataset=single_event_data,-0.012849940581832612,-0.016764403743540622,-0.007998546669063676,0.08309716873550764,-0.01901512935937564,0.003263331617527239
execution_dataset=single_user_prompt,-0.01161785923820729,-0.0078491829060541,0.0031105849903320217,-0.040342776514486235,-0.03678368875929518,-0.0027269927596823753
execution_dataset=unknown,-0.002178508721653449,-0.0007953934215274395,0.0019280944195751936,0.00024400600116085264,-0.0044312056941854016,-0.0007916771612651883
