,domain_industry_vertical=creative_design,domain_industry_vertical=education_academic,domain_industry_vertical=finance_accounting,domain_industry_vertical=general_cross_functional,domain_industry_vertical=hr_people,domain_industry_vertical=it_engineering,domain_industry_vertical=legal_compliance,domain_industry_vertical=marketing_content,domain_industry_vertical=personal_productivity,domain_industry_vertical=project_management_ops,domain_industry_vertical=sales_crm,domain_industry_vertical=unknown
output_modality=email_external_message,-0.04864978233615854,-0.03734143413561297,0.01598451312665007,0.07553021995433488,0.011810094255581759,-0.019227630902170785,0.003563411666657031,-0.013074188311903418,-0.0044935283921445955,0.0066050483404821335,0.0552318873457614,-0.002074617166893376
output_modality=messages,-0.2709625012131969,-0.044394502418741114,0.010601013893109497,0.023428014971635363,0.0037975830510474594,-0.009801579091783998,-0.007498628065642303,-0.01721615481205965,0.09050083667101434,0.18467976179658366,0.011417836672339986,-0.016955100669007347
output_modality=structured_document,-0.07813148530836789,0.15099659545227737,0.033547087247562654,0.055544639165660735,0.020155513789450453,0.019665691433469593,0.055944888589599964,0.04052545964694621,-0.05527336466769403,-0.11009920131803169,-0.0227644174913035,-0.007137866444240653
output_modality=task_artifact,-0.12394306121269795,-0.06269100041346483,0.0037436747101209566,-0.05795132208097574,0.012586921788125547,0.023639116085678903,-0.00994667813933905,0.02466518737544611,0.006381300701280722,0.1106136183305944,0.05359877717217453,-0.007833914729548261
output_modality=unknown,-0.019282567466242496,-0.017295212713785132,-0.00196496262445314,0.01748831624456105,-0.008544238581017792,0.05124566954863808,-0.0033499444334529845,0.04127772872481801,0.00877877669600886,-0.03801435115012137,-0.0023981448912198497,0.14125200137230315
output_modality=visual_image,0.6463332829841244,-0.004731266812066454,-0.06053542889187986,-0.06116653690405847,-0.04251652241500639,-0.0439274696852399,-0.03724774664158176,-0.055087631597280855,-0.08325310220979024,-0.2694081259989164,-0.07222135369889246,-0.006561711446702562
