,functional_archetype=analyzer,functional_archetype=communicator,functional_archetype=creator,functional_archetype=enforcer,functional_archetype=monitor,functional_archetype=organizer,functional_archetype=unknown
functional_archetype=analyzer,1.0,-0.0761669089459045,-0.28120001259232447,-0.06639737908535112,-0.13671606047374493,-0.22057778142783752,-0.011358547718004952
functional_archetype=communicator,-0.0761669089459045,1.0,-0.17514293391871685,-0.04135501869404733,-0.08515238575004945,-0.13738491488818722,-0.00707457070875484
functional_archetype=creator,-0.28120001259232447,-0.17514293391871685,1.0,-0.15267826853498015,-0.31437342379467226,-0.5072102876590573,-0.026118552005308132
functional_archetype=enforcer,-0.06639737908535112,-0.04135501869404733,-0.15267826853498015,1.0,-0.07423033591508608,-0.1197632725376622,-0.0061671526351284745
functional_archetype=monitor,-0.13671606047374493,-0.08515238575004945,-0.31437342379467226,-0.07423033591508608,1.0,-0.24659953504708476,-0.012698525517568914
functional_archetype=organizer,-0.22057778142783752,-0.13738491488818722,-0.5072102876590573,-0.1197632725376622,-0.24659953504708476,1.0,-0.020487809379265004
functional_archetype=unknown,-0.011358547718004952,-0.00707457070875484,-0.026118552005308132,-0.0061671526351284745,-0.012698525517568914,-0.020487809379265004,1.0
