,rename_memory,retrieve_activity,retrieve_chat_messages,retrieve_personal_priorities,retrieve_tasks_by_filters,search_clickup_help_center
create_document_page,-0.0005829845971420906,0.01951573172741289,0.011478955222036633,-0.020748327847035272,0.0032363843115813624,-0.0031898678606976463
create_google_calendar_event,-0.00023551701004341359,-0.008198859164903037,-0.0018244234671437214,0.01812164059237336,0.015809142957256432,-0.0016095384767801707
create_list,-0.0002865808038525623,-0.012000366526799582,0.002370159631224276,-0.007718807701759343,0.0004711301330211971,0.0004073310105840208
create_subtask,-0.0006074776051694265,-0.024908745258364763,-0.010443799651520163,-0.01491946835959825,-0.0014774836979726045,-0.003933875706396928
create_task,-0.0009050349777819953,-0.02513097169218865,0.002281940058626769,-0.017821826429932717,0.07631908509915067,-0.0005711426429292302
delete_memory,0.010730433216775297,-0.00021870198186863673,-0.000948258592950638,0.004574825480764192,0.0014091265158350705,-0.00038711097325838114
