,edit_image,find_similar_assets,find_stale_tasks,follow_up_cursor_agent,generate_image,generate_project_summary
domain_knowledge_depth=deep,-0.03286921714329093,-0.004161182108159,-0.013872720384539248,-0.0018865824594969086,-0.036676737884776725,-0.00397207589385362
domain_knowledge_depth=light,-0.05461352630305564,0.008848842966591572,0.08639152714429085,0.009170183598993803,-0.08094718148425264,0.0942567895497647
domain_knowledge_depth=moderate,0.0870189817414343,-0.008863178671004692,-0.09902796952714167,-0.006484503075262144,0.1204893321734097,-0.07445740711748867
domain_knowledge_depth=none,-0.030928721356209474,0.004672606641001431,0.04267216368382825,-0.002084674246713536,-0.04219166831575921,-0.022028998270252367
domain_knowledge_depth=unknown,-0.0016729325821229614,-0.00022299524368937004,-0.00164461974445681,-8.498507810284993e-05,-0.0023392102583404354,-0.001673756610016607
