,output_modality=email_external_message,output_modality=messages,output_modality=structured_document,output_modality=task_artifact,output_modality=unknown,output_modality=visual_image
use_case_context=entertainment,-0.004924813470953837,0.0037842960705804633,-0.015291319849517426,-0.027150381536273447,0.0035030119065787113,0.041904957952472885
use_case_context=general_productivity,-0.016320293424950928,0.14864100662340632,-0.13209284634886076,-0.03229351963678584,-0.03544337149904795,-0.02412324155880169
use_case_context=personal_productivity,-0.014789880408780603,-0.0011464598829786586,-0.026939334231683303,0.0013316341762061319,0.011359191693089656,0.030185589689432257
use_case_context=personal_use_case,-0.034377842485841636,-0.03489782743070997,0.10524142600982057,-0.04413304151240588,-0.007161130660176234,0.004337240707913916
use_case_context=specific_use_case,0.04675861615541186,-0.12181936648023854,0.07125372520350941,0.06574613931013595,0.02921209268616421,0.0026338129786728417
use_case_context=test_or_placeholder,0.0006146748789526603,-0.004277602630346445,-0.002557739119422196,-0.007022105555570222,0.06633850866648866,-0.006147557967144892
use_case_context=unknown,-0.0015985086135545056,-0.011704079255537082,-0.003613173981532438,-0.006036092042844777,0.09140904335038035,-0.003052368628586289
