,domain_industry_vertical=creative_design,domain_industry_vertical=education_academic,domain_industry_vertical=finance_accounting,domain_industry_vertical=general_cross_functional,domain_industry_vertical=hr_people,domain_industry_vertical=it_engineering,domain_industry_vertical=legal_compliance,domain_industry_vertical=marketing_content,domain_industry_vertical=personal_productivity,domain_industry_vertical=project_management_ops,domain_industry_vertical=sales_crm,domain_industry_vertical=unknown
update_chat_message,-0.004353787488570168,-0.003721399221703115,-0.0017799617361226455,-0.002823956935458053,-0.0006361627331985142,-0.0015406236487325792,0.004502318868862411,-0.0026602269948343194,-0.0018215631416112227,0.009515806582527158,0.0011601430685598759,-0.0001788476562911955
update_comment,-0.013734830187938953,-0.009224781802166472,6.955180164450497e-05,-0.0012619194064815995,0.005583041629605384,0.0014849086208370416,0.0007848739440942523,-0.0022426692048606056,-0.006130555521244501,0.01414417617322834,0.01168864880356564,-9.490931651758854e-05
update_document,-0.03989996843167379,-0.015205661651274826,0.01033185604617457,0.012919363165880727,0.0030245194828959175,0.008961627907450932,0.006373957759714352,-0.000264611773867621,-0.0010377670744141224,0.020466367258227633,0.005767905461402736,-0.002240367201112331
update_google_calendar_event,-0.011734952827272991,0.0015719637167851397,-0.004926967182017097,-0.0056660229931230315,-0.0017119836070601721,-0.005825210221776942,-0.0037983305765748954,-0.010491246693552874,0.03997019495194904,0.00737373774763073,-0.003463248482738281,-0.00048690466757200676
update_task,-0.08147909731014442,-0.05542271178143551,0.002159901189829698,-0.03637993207219862,0.010604918041272728,-0.001024270059329585,-0.004871140229530947,-0.009380362556016604,0.009756490179816068,0.10521566562735403,0.028273652272828943,-0.0015971538384740706
view_tools_catalog,-0.06919880953196109,-0.03869359473395312,0.0227804208718588,0.012773233890123803,0.005831772252025578,-0.012374403718530517,0.003058211242232588,-0.0084544939760704,0.05069872208149226,0.03692053355826154,0.02406775488130937,-0.0012406206211854948
