,rename_memory,retrieve_activity,retrieve_chat_messages,retrieve_personal_priorities,retrieve_tasks_by_filters,search_clickup_help_center
write_memory,0.01821058964181437,0.02056842267346303,0.02398682469968275,0.004107487919828801,0.03611823360677369,0.007466371777586674
