,domain_knowledge_depth=deep,domain_knowledge_depth=light,domain_knowledge_depth=moderate,domain_knowledge_depth=none,domain_knowledge_depth=unknown
operational_scope=branching_workflow,-0.05244620942383981,0.056300907174018026,-0.04851179719498649,0.0406137397624232,-0.016298891213278613
operational_scope=multi_workflow_orchestration,0.09739883432559013,0.006386326189644349,-0.03205568030626829,-0.044292882023475165,-0.004099766776814636
operational_scope=sequential_workflow,-0.004278452412237391,-0.06452975693573604,0.07607478697911264,-0.021634716405963466,-0.008219579355681959
operational_scope=single_action,-0.012631996448483488,0.0071946813445458065,-0.021534429222865265,0.03721466627439225,-0.0008614081815616134
operational_scope=unknown,0.005382959044607497,-0.011935829470665462,-0.004011557545942385,0.007828082265621029,0.30797558341583775
