,team_orientation=individual,team_orientation=larger_team,team_orientation=small_team,team_orientation=unknown
domain_knowledge_depth=deep,-0.0450296977764423,0.009286471878109855,0.037683983938336094,0.03276508462911196
domain_knowledge_depth=light,-0.06747228916075926,0.0630431885751497,0.049420060487812285,-0.019059886743440366
domain_knowledge_depth=moderate,0.08316887002527627,-0.07519211420134671,-0.05203150699491019,4.8707540200823445e-05
domain_knowledge_depth=none,0.010707032483346701,0.018378964647244474,-0.025534296963750817,-0.006956957882496064
domain_knowledge_depth=unknown,-0.05993652516406758,-0.0015895049684957294,-0.0020410760116581833,0.17992437669939637
