,external_integration_scope=calendar_integration,external_integration_scope=clickup_only,external_integration_scope=email_integration,external_integration_scope=multiple_external_systems,external_integration_scope=unknown,external_integration_scope=web_research_integration
post_chat_message,0.038439064313128386,-0.00911440211068378,0.006831767061061379,0.03284387818553379,-0.0015474124203430112,-0.02849224326381421
post_reply,-0.04803581202004895,0.02248260363137486,-0.03998208283715056,-0.02621121420569259,-0.0269595784624746,0.038782154868727145
post_slack_message,-0.0037582749288274167,-0.07437247143954707,-0.004504039779202049,0.02746231948460792,0.30450846414006916,-0.011686462524495865
post_task_comment,-0.014397804423623161,0.0172485470829935,0.01376146639003178,-0.006824531536616387,0.00622900880654933,-0.02092094205370822
read_memory,0.046355813610880044,-0.09396740037483244,0.05186469181771371,0.04997678334618855,0.03788076309936368,0.03207387815510964
reflect,-0.00012946162958896152,0.000724171018097371,-0.0014553868656601156,-0.0015085839757705791,-0.00010218818795971022,0.0007724821694503547
