,list_available_calendars,load_assets,load_custom_fields,load_web_pages,manage_personal_priorities,move_task_to_list
use_case_context=entertainment,-0.00040305056746361756,-0.030678572911482054,-0.015542337298557836,0.006899587250760606,-0.004533775344290071,-0.003504875807680099
use_case_context=general_productivity,0.004106252123240434,-0.020153518216711134,-0.026966875543224706,-0.08111284260364578,0.053220783530475546,0.010126192296011112
use_case_context=personal_productivity,0.0012476400177348764,-0.04667682333131748,-0.03642196812792141,-0.017607977991439105,0.03170692098954034,0.0049367044567838955
use_case_context=personal_use_case,-0.002395743546306844,-0.08152831479907405,-0.07461044663042683,0.008594236317553575,-0.020304176751181072,-0.014084650913031516
use_case_context=specific_use_case,-0.002862478955527096,0.10038134497722159,0.09572351361443977,0.08062245179927277,-0.05124909972316018,-0.0018567100355349076
use_case_context=test_or_placeholder,-0.0001324624971414398,-0.003268715739627138,-0.0004488370104641544,-0.003052677147556351,-0.0014900244586237403,-0.0005803719214984145
use_case_context=unknown,-7.856083465862357e-05,-0.00612311794823194,-0.003252715310760445,0.0019753862942469935,-0.0008837034455590099,-0.0006831548968133329
