,use_case_context=entertainment,use_case_context=general_productivity,use_case_context=personal_productivity,use_case_context=personal_use_case,use_case_context=specific_use_case,use_case_context=test_or_placeholder,use_case_context=unknown
create_document_page,-0.006615071776091592,-0.029752727292302255,-0.01155356607694811,0.021150513553034194,0.020731798773858067,-0.0034091330257200654,-0.002021888019194332
create_google_calendar_event,-0.0033954831968941337,0.003501173464360017,0.03291963865969492,0.020139733769306667,-0.030869465858386638,-0.001115924947315698,-0.0006618325727612594
create_list,-0.004552845845040737,-0.012558329673465988,0.005727462499680625,-0.007099067951502254,0.015511024486075808,-0.0014962919752955475,-0.0008874205832515846
create_subtask,-0.00912850824739202,0.009826375363236486,-0.005379361684524345,-0.025062752066280825,0.01117270412808064,-0.00016181202762032047,-0.0017813291905883575
create_task,-0.012151208921499712,-0.031939324766527194,0.0280719434583455,0.0018823255230758097,0.020005881841843935,-0.0034799734252010093,-0.002544693489153084
delete_memory,-0.000760833903022805,-0.0037174501526333306,0.002349564104758998,0.00029011587097762674,0.00257352832035184,-0.00025004792658769566,-0.00014829838060814954
