,execution_dataset=collection_scoped,execution_dataset=collection_unbounded,execution_dataset=single_asset_from_user,execution_dataset=single_event_data,execution_dataset=single_user_prompt,execution_dataset=unknown
edit_image,-0.07376370145516947,-0.04078865823833834,0.04710034805099694,0.037473391854272106,0.035568363971934226,-0.00706834569708329
find_similar_assets,0.004692541239147448,0.007433489918502848,-0.005569866063927426,0.004121647144087545,-0.00997268439605444,-0.0011904394422627821
find_stale_tasks,0.07824910316187988,0.13137921586934087,-0.04323236882688057,-0.0671418413537581,-0.07319986718433415,-0.007636238092109366
follow_up_cursor_agent,0.010283187102162285,-0.0021712020709655244,-0.0022566307770694126,-0.003785438189195514,-0.0038243097298996335,-0.0004536849634261512
generate_image,-0.08542400009494382,-0.04664679126940306,0.021660691175947464,-0.0305792433469031,0.1374353748506032,-0.0070383793271601575
generate_project_summary,0.1356986427195346,0.02400202214016164,-0.04291895954752131,-0.058533989195792946,-0.0689155890675788,-0.004713947385063532
