,trigger=\N,trigger=assignment,trigger=automation,trigger=dm,trigger=introduction,trigger=manual,trigger=mention,trigger=scheduled,trigger=task_comment_mention,trigger=unknown
operational_scope=branching_workflow,-0.015095590243109917,0.00029070752209907444,0.044616903098946184,-0.0379328146263536,0.005164842253129348,0.0004998172606963829,-0.005691745867819821,0.03557072205976261,-0.010235163068106028,-0.01800165204087516
operational_scope=multi_workflow_orchestration,-0.03620041091294107,0.005501112647898714,0.020102457457193395,-0.050451050616284916,-0.0940692558894841,0.005228531714875623,0.001826996205317989,0.18802616117439092,-0.012049137158206972,-0.03129619202108659
operational_scope=sequential_workflow,0.03871006619269824,-0.004065987643668972,-0.05855249768146827,0.0738193015134863,0.05308648555718703,-0.0034649373327486125,0.004401924105366367,-0.1550818471687757,0.01895800235112576,0.031580889791386756
operational_scope=single_action,0.006815347121702948,-0.0018878996658201878,-0.010388102898864379,-0.007674858414623636,0.010526555723352472,-0.0019570231697991635,0.003538059803669974,-0.016569388924579195,-0.002260844845060863,0.035296482078684195
operational_scope=unknown,-0.0047524279670319945,0.005714378866463,-0.007321463696180421,0.002085935371576575,-0.003220260121479568,-0.0012311589960801493,0.00036838615802236327,-0.00449934278861175,0.00048250197756473736,0.02722165288908874
