,external_integration_scope=calendar_integration,external_integration_scope=clickup_only,external_integration_scope=email_integration,external_integration_scope=multiple_external_systems,external_integration_scope=unknown,external_integration_scope=web_research_integration
external_integration_scope=calendar_integration,1.0,-0.3151406803802727,-0.0234254613809976,-0.02481096053859727,-0.0138749011933177,-0.047480896181349805
external_integration_scope=clickup_only,-0.3151406803802727,1.0,-0.34388079667481386,-0.3642196299792617,-0.2036806019971481,-0.6970094693170923
external_integration_scope=email_integration,-0.0234254613809976,-0.34388079667481386,1.0,-0.027073663945844293,-0.015140260757148263,-0.05181104637450962
external_integration_scope=multiple_external_systems,-0.02481096053859727,-0.3642196299792617,-0.027073663945844293,1.0,-0.016035731637473745,-0.05487541125248325
external_integration_scope=unknown,-0.0138749011933177,-0.2036806019971481,-0.015140260757148263,-0.016035731637473745,1.0,-0.03068768369069847
external_integration_scope=web_research_integration,-0.047480896181349805,-0.6970094693170923,-0.05181104637450962,-0.05487541125248325,-0.03068768369069847,1.0
