,template_is_custom,template_is_templated,template=custom,template=unknown
edit_image,0.02476369833168666,,0.02476369833168666,-0.024763698331686707
find_similar_assets,0.0033009022617735725,,0.0033009022617735725,-0.0033009022617736003
find_stale_tasks,0.024344595626430616,,0.024344595626430616,-0.024344595626430557
follow_up_cursor_agent,0.001257997398892833,,0.001257997398892833,-0.001257997398892845
generate_image,0.03462631895089248,,0.03462631895089248,-0.034626318950892444
generate_project_summary,0.024775896060628237,,0.024775896060628237,-0.024775896060628202
