,data_flow_direction=bidirectional,data_flow_direction=inbound,data_flow_direction=outbound,data_flow_direction=processing,data_flow_direction=unknown
external_integration_scope=calendar_integration,0.2600274563722751,0.010415430049995834,-0.07566775647775001,-0.05966986430084747,-0.004529383907020594
external_integration_scope=clickup_only,-0.5201276932898162,-0.009640725946090369,-0.03698947972735861,0.31091964289634577,-0.07327918339344577
external_integration_scope=email_integration,0.39152620638009367,0.023628469263730544,-0.06988365740011492,-0.13431632821387157,-0.006570850385560357
external_integration_scope=multiple_external_systems,0.35087457672867733,-0.006204760018774265,-0.04071572011136526,-0.1387512409377946,-0.0069594834001183645
external_integration_scope=unknown,0.042291919121701486,0.01701521785058633,-0.007049042438156088,-0.04711495275223457,0.3701394770762122
external_integration_scope=web_research_integration,0.13222617355296665,-0.007050094337434669,0.14748909086233655,-0.21176014289665757,-0.013318408542982316
