,list_available_calendars,load_assets,load_custom_fields,load_web_pages,manage_personal_priorities,move_task_to_list
implied_end_date=false,0.0011908229650753536,0.007819644078363799,0.023610910155061705,0.010166742730201113,0.007209808010460146,-0.0037120545673947746
implied_end_date=true,-0.0011656001475806384,-0.005556547523645184,-0.022704503152666065,-0.009538698770988807,-0.006802019876122085,0.00414624854768411
implied_end_date=unknown,-0.00023514836276073366,-0.01158756205866531,-0.0066079105879586035,-0.003983764877968951,-0.002645101968330658,-0.0017225543716544599
