,domain_industry_vertical=creative_design,domain_industry_vertical=education_academic,domain_industry_vertical=finance_accounting,domain_industry_vertical=general_cross_functional,domain_industry_vertical=hr_people,domain_industry_vertical=it_engineering,domain_industry_vertical=legal_compliance,domain_industry_vertical=marketing_content,domain_industry_vertical=personal_productivity,domain_industry_vertical=project_management_ops,domain_industry_vertical=sales_crm,domain_industry_vertical=unknown
edit_image,0.2576036987293836,-0.030409143027099374,-0.023686218791426048,-0.030773424249600313,-0.016058073887041575,-0.023599769381057928,-0.01773606509591803,-0.012716498743942753,-0.028587223751718325,-0.09255199012266518,-0.024775950107344874,-0.0021712079775472685
find_similar_assets,-0.007045349792186204,-0.006046908420756256,-0.003204282596098878,-0.0023598146835014672,-0.0023102148833997575,0.013223950805577806,-0.0014155955338963939,-0.005602430896578753,-0.002964765840964593,0.014059896141178415,-0.0033676159191993716,-0.0002894133674167826
find_stale_tasks,-0.05067392515108619,-0.04280721434172324,-0.016777086924165224,-0.029855540260493793,-0.00938999537635427,-0.010168441860778255,-0.007080326783021551,-0.03865977909165794,0.0014217673409079755,0.12226393239934151,0.004173560503266351,-0.0021344622893679373
follow_up_cursor_agent,-0.002685033063686637,-0.0023045199346699062,-0.0012211749550694235,-0.001810341587688087,-0.0009047979739954223,0.03278068016173728,-0.0009984684122243078,-0.0025856811813740476,-0.0014864297860529146,-0.004774697271252009,-0.0012834224496385224,-0.00011029749884793582
generate_image,0.21279550019435445,0.019590176139264316,-0.023917972589703247,-0.024987921446199338,-0.018169379740198253,-0.022537953193362138,-0.016559785941711116,0.0243659454950661,-0.03524740447093361,-0.11638754694571758,-0.03171669208412557,-0.0030317306807950135
generate_project_summary,-0.0503880293416236,-0.04120752972568782,-0.013417494524690491,-0.026688983997786842,-0.010210040218667423,-0.0016309179119763653,-0.006004181344369697,-0.028109671030203127,-0.02201071643079913,0.12033384950886389,-0.0029789040622739188,-0.0021722774384182793
