,edit_image,find_similar_assets,find_stale_tasks,follow_up_cursor_agent,generate_image,generate_project_summary
functional_archetype=analyzer,-0.04421869010076342,0.009528702642769777,-0.013196702900403206,-0.002300464172317996,-0.048959469154732524,0.0420884220630499
functional_archetype=communicator,-0.028166944397481262,-0.003092814759599311,-0.019176609113892917,-0.001432823707226574,-0.03693818985824749,-0.007129244463951266
functional_archetype=creator,0.15774325739552786,-0.012778824738899434,-0.10208586999680583,-0.005289830585101585,0.20598032270175134,-0.09763574531860063
functional_archetype=enforcer,-0.022276068973282475,0.004701573928687566,-0.0013271650247231566,-0.0012490429264862205,-0.030455186636040046,-0.012133898283692776
functional_archetype=monitor,-0.05026063748574466,0.004123469726160717,0.19275236785697097,-0.0025718519409068186,-0.06615277468486196,0.14110123444356334
functional_archetype=organizer,-0.08008052137723938,0.0037071092274971,-0.01566163468255779,0.010429265166358614,-0.10961059581279797,-0.020972134170781215
functional_archetype=unknown,-0.004206152320886387,-0.0005606633356380747,-0.003169284697193722,-0.0002136727966941669,-0.005504882686112966,-0.0035446816524325056
