,autonomy_level=autonomous,autonomy_level=consultative,autonomy_level=human_in_the_loop,autonomy_level=unknown
implied_end_date=false,0.010599490493325654,0.012173845559398433,-0.01595399094029351,-0.09613260756263937
implied_end_date=true,-0.011322352282036971,-0.007746755793348012,0.01894098340814258,0.04351061064810129
implied_end_date=unknown,0.002443297802096199,-0.022367743607755224,-0.012770503255753662,0.2612062139839151
