,add_agent_schedule,add_task_to_list,check_calendar_availability,complete_execution,create_custom_field,create_document
implied_end_date=false,0.005802068900490639,0.0031482286187565515,0.00029912502042918706,0.0026460895587441854,-0.0017203889620407296,-0.004149427566473361
implied_end_date=true,-0.005416846003901806,-0.0029153669834785507,-2.4485663177461463e-05,-0.002590042744085371,0.0021037433832678627,0.005125190427222055
implied_end_date=unknown,-0.00240184538711316,-0.001417396882707098,-0.0013438020943216293,-0.0005225156431355503,-0.0016704053234248874,-0.004273774852663665
