,autonomy_level=autonomous,autonomy_level=consultative,autonomy_level=human_in_the_loop,autonomy_level=unknown
execution_dataset=collection_scoped,0.13096019947994866,-0.20060653352087168,0.0944161522487882,-0.033371690087965984
execution_dataset=collection_unbounded,0.13171075047295402,-0.11388163352559738,-0.024251752514099275,-0.013496372940077396
execution_dataset=single_asset_from_user,-0.012424256764828182,0.07541335155644947,-0.08283190102336171,-0.0014205735432796958
execution_dataset=single_event_data,0.005414189019171901,-0.1092872173452337,0.14197104640461372,-0.03153927282390533
execution_dataset=single_user_prompt,-0.21832821992134183,0.345479784927092,-0.16247317500839117,-0.008101108087882588
execution_dataset=unknown,-0.03370781513314519,-0.015347093351148172,-0.014534487953860744,0.5354950495051872
