,use_case_context=entertainment,use_case_context=general_productivity,use_case_context=personal_productivity,use_case_context=personal_use_case,use_case_context=specific_use_case,use_case_context=test_or_placeholder,use_case_context=unknown
functional_archetype=analyzer,-0.008655375650383738,-0.012049022720238535,-0.04638475352843437,-0.0477651454176148,0.06598150467085077,-0.002439060047868142,-0.00451768816566405
functional_archetype=communicator,0.0239660439464767,0.02027331842100588,0.010936621476625833,-0.025990845834542916,-0.010566154337625217,0.01659415483649131,-0.0028138020072260646
functional_archetype=creator,0.04754019657790246,-0.2301632316396296,0.03719005088388422,0.22452090664461893,0.04992360279202762,-0.004299642530712776,-0.0048189903212467996
functional_archetype=enforcer,-0.01258437318747191,0.050882889483381405,-0.03571463233937872,-0.06637050673723975,0.012638907525509554,0.0002663440131174332,-0.002452890384164108
functional_archetype=monitor,-0.017670367889711623,0.23930612631716475,-0.03658983792366659,-0.1215193130787083,-0.13351855217735237,-0.004947491425943126,-0.005050643786191705
functional_archetype=organizer,-0.03944679261473261,0.04909431474629718,0.028894136320286423,-0.08030859984090703,0.0006151917563055039,-0.0101638610835239,-0.008148711989506239
functional_archetype=unknown,0.01835624888656487,-0.021356190932456595,-0.002070049095246657,0.007839647689980926,-0.001769248586327569,0.1733418755828415,0.3139127111117888
