,execution_dataset=collection_scoped,execution_dataset=collection_unbounded,execution_dataset=single_asset_from_user,execution_dataset=single_event_data,execution_dataset=single_user_prompt,execution_dataset=unknown
tone_and_persona=casual_friendly,-0.09893911433020809,-0.027361388774364802,-0.009534751600058787,-0.010822315689833231,0.14331112642825974,-0.02341380098618225
tone_and_persona=empathetic_supportive,-0.03129869916133941,-0.016428380894254538,0.0726873531943166,-0.06239667004542655,0.05465750031080091,0.00019305203164120393
tone_and_persona=professional_formal,0.11523495186792876,0.04445127458623386,-0.039441653338709234,0.04343063023957799,-0.16462061517850218,-0.009940442850757514
tone_and_persona=technical_precise,-0.006005908386895118,-0.011920667373263465,0.007841636568724341,0.01585182063107293,-0.007088008442245836,0.0013792562907533543
tone_and_persona=unknown,-0.0017623136057667234,-0.011503905574286172,-0.00199606107602593,-0.011359482380864457,0.0019764101712281346,0.1294939931573205
