,tone_and_persona=casual_friendly,tone_and_persona=empathetic_supportive,tone_and_persona=professional_formal,tone_and_persona=technical_precise,tone_and_persona=unknown
autonomy_level=autonomous,-0.09991151269826327,-0.035726194271769623,0.09096200982959969,0.031844395092953434,0.03556982456355974
autonomy_level=consultative,0.13760206582456952,0.06189392295657732,-0.14005156545762504,-0.03318563188912844,-0.04236592936605393
autonomy_level=human_in_the_loop,-0.04345978280225554,-0.0330084512168045,0.06466594088133348,0.0019289122318173883,-0.01931600019667811
autonomy_level=unknown,-0.029019666360233273,-0.005789976516270211,-0.010752864586053446,-0.005390496060690867,0.18436692298765195
