,state_persistence=state_accumulating,state_persistence=state_referencing,state_persistence=stateless,state_persistence=unknown
execution_dataset=collection_scoped,0.10922615761934801,-0.021793626567538908,-0.009495640946342185,-0.07512358135475856
execution_dataset=collection_unbounded,0.026284333606802032,-0.010245872386026792,-0.009804614886890975,-0.01380998240079447
execution_dataset=single_asset_from_user,-0.05602656424223876,-0.02681943897624735,0.022139931556220835,0.06008174748933353
execution_dataset=single_event_data,-0.03990822272304768,-0.02312597271702747,-0.0034358693547699567,0.048152920944451526
execution_dataset=single_user_prompt,-0.05314884411800026,0.07128205267962154,0.00431690245960241,-0.0018410768190997018
execution_dataset=unknown,0.001964733816680419,0.002901926115649462,0.0006276563559451684,-0.0035548122940690535
