,list_available_calendars,load_assets,load_custom_fields,load_web_pages,manage_personal_priorities,move_task_to_list
write_memory,0.004669887945553438,0.06441897801306626,0.0183064199526688,0.028467845073912364,0.008069883499128284,0.017326467771959023
