,add_agent_schedule,add_task_to_list,check_calendar_availability,complete_execution,create_custom_field,create_document
post_chat_message,0.03698823463620775,0.00010579083858400997,0.006562783691933036,0.012388344003155109,-0.0016722898073202768,-0.01847009144769226
post_reply,-0.044081243664522284,-0.024465486923288694,-0.0075776287902787265,-0.02111889269547662,0.001431757207569863,0.01458122970225791
post_slack_message,0.00929951141114313,0.00048213307930505166,0.0029277238278833874,-0.0006233459118783542,-0.0020083694622389197,-0.005709481497896081
post_task_comment,0.016354637505648698,0.013429664453648406,0.0028321087414205446,0.01145465384532484,0.0032638690991734806,0.005994734155016721
read_memory,0.014491297457224786,0.009100187896090258,0.018087649485747283,-0.0050487223044334,0.0013568255695979611,0.007955330440952965
reflect,0.0010838716325908093,0.0010963476341148471,-0.0003163445542730867,0.6832491169511713,-0.00042042863988171097,-0.0006000964481878514
