,operational_scope=branching_workflow,operational_scope=multi_workflow_orchestration,operational_scope=sequential_workflow,operational_scope=single_action,operational_scope=unknown
post_chat_message,0.018705548252551683,0.10581883461422725,-0.08450753830545918,-0.013462341842976547,-0.010673921779793925
post_reply,-0.039112527858920214,-0.1413973568451302,0.13123520331074295,0.0062512590370074885,-0.0010960654417723576
post_slack_message,0.0026679274584253477,0.010462234424333012,-0.00920469375313525,-0.000980509487558598,-0.0019384089651065428
post_task_comment,0.017225504522087574,0.05621836865724923,-0.052006214810502556,-0.012082652689109578,-0.005676200659221594
read_memory,-0.030862497654040547,0.14940098583190908,-0.0626812623630229,-0.0015905482605913846,0.010597738994964993
reflect,-0.0017831867766947248,-0.002508616270510336,0.003637816964660777,-0.000606973753326571,-0.0003818458607565847
