,autonomy_level=autonomous,autonomy_level=consultative,autonomy_level=human_in_the_loop,autonomy_level=unknown
edit_image,-0.032074442604593474,0.05364311045354746,-0.026966057440125844,-0.006024889542058178
find_similar_assets,0.0027089815057997906,-0.0047366475266802785,0.0027692105592191187,-0.0009571100412134742
find_stale_tasks,0.0474902944214642,-0.059785216304566444,0.01624898921106368,-0.006423550636180012
follow_up_cursor_agent,0.007433060901384248,-0.005309624398343841,-0.002905493312142705,-0.0003647614642348652
generate_image,-0.030011023157961343,0.06242421497060546,-0.041283999892334104,-0.006461590216361784
generate_project_summary,0.03909915644871838,-0.044356647846572186,0.0068141774895973915,-0.004418588677483065
