,external_integration_scope=calendar_integration,external_integration_scope=clickup_only,external_integration_scope=email_integration,external_integration_scope=multiple_external_systems,external_integration_scope=unknown,external_integration_scope=web_research_integration
update_chat_message,-0.0012927965607184605,0.0011625938410880132,-0.0015209155597107691,0.0007457431796600805,-0.00025089921855837464,-0.0004130199754606394
update_comment,-0.002264215570274269,0.0009350551888448712,-0.000571923601715236,-0.0015184713497729302,0.0028467371324339,0.00013385519784624533
update_document,-0.008747749827380297,-0.018971264162520457,-0.005423289105879453,-0.0002702253336587981,-0.0009132763994459313,0.03233619633254016
update_google_calendar_event,0.14721779174752184,-0.057562310702724495,-0.002928400664348161,0.02625198035259246,-0.002683603945750755,-0.009289252574473142
update_task,-0.0025552955187843995,0.024225094424937473,-0.005735050217966435,-0.008688866515691788,-0.0038760773385660566,-0.021163140653274487
view_tools_catalog,0.11340178127052511,-0.18039016717557357,0.21279718809788745,0.10562442287506288,0.05515260787068986,-0.01037389881893322
