,trigger=\N,trigger=assignment,trigger=automation,trigger=dm,trigger=introduction,trigger=manual,trigger=mention,trigger=scheduled,trigger=task_comment_mention,trigger=unknown
execution_dataset=collection_scoped,-0.05060314850861613,-0.006066381455817283,-0.0011211469800517895,-0.10616882122115708,-0.18231485708530468,0.0320244962388718,0.010481250644521054,0.3750837573570032,-0.026183315408737015,-0.03896373593394274
execution_dataset=collection_unbounded,-0.02430848963860491,-0.01923834166888212,-0.061628631268108386,-0.06758461158352586,-0.10421456804572204,0.006413127717699188,-0.001517611230902675,0.26392867310401585,-0.030123613953393684,-0.013211555098601432
execution_dataset=single_asset_from_user,0.018435797926448734,-0.027411393399071903,-0.08259364031444888,0.08907772813280308,0.1084596993505689,-0.009092323273497623,-0.01163188841147565,-0.16211343952622975,-0.02704650884989863,0.01071365027888339
execution_dataset=single_event_data,0.00033653775286225695,0.07131749276143028,0.24577260923189226,-0.03788714971900154,0.0453814400849902,-0.01619620223138865,0.0036382001897905967,-0.21718443714743277,0.10587845110386856,0.01285701617561467
execution_dataset=single_user_prompt,0.05709836471447592,-0.03444249200639303,-0.14141288503512706,0.131440677916796,0.142023852358305,-0.0156838744548606,-0.006417080769961073,-0.2426954982356074,-0.037803353059339524,0.02567453888007557
execution_dataset=unknown,-0.005928433635577822,0.014978011936606694,-0.008750630709631372,0.0034655446608621117,-0.01219563209559242,0.0023391007924714923,0.006982199774922793,0.003974726444600536,-0.002800560954484518,0.023570294625775715
