,team_orientation=individual,team_orientation=larger_team,team_orientation=small_team,team_orientation=unknown
create_document_page,0.005786700882581647,-0.008886043744304217,0.0003473513691447373,-0.0023577698698733895
create_google_calendar_event,0.006095463391100312,-0.003344841457835476,-0.004450972188933143,-0.0022957673813815568
create_list,0.004914643510766765,-0.0038312904598895832,-0.0027173002371769293,-0.0018066632862720087
create_subtask,0.00784436565947112,-0.00895102360853224,-0.0021809443817891625,-0.002724845106472522
create_task,0.0115480262741382,-0.011288401520871388,-0.003021440024992212,-0.007624464326368941
delete_memory,-0.0004769362436577928,0.003602842749967298,-0.001813644373378749,-0.0008242261739548528
