,data_flow_direction=bidirectional,data_flow_direction=inbound,data_flow_direction=outbound,data_flow_direction=processing,data_flow_direction=unknown
generate_project_update,-0.010944134536018585,-0.005807175569858627,-0.06535758179472448,0.07112579128280566,-0.003008641421076762
generate_stand_up,-0.008575060628341721,-0.005257964855788199,-0.05458293117994954,0.05924510291555416,-0.0035809363008382222
get_cursor_agent,-0.0016953117412039126,-0.000357545524004581,-0.005250474139567818,0.00612134727556126,-0.000251951756383392
gmail_create_draft,0.12802186986734387,-0.0019152157262744894,-0.019830292847837574,-0.045794376726298415,-0.002005586648137859
gmail_fetch_drafts,0.06167369251146792,0.013002884284829657,-0.011816531465667829,-0.021430327317813143,-0.0011263645164423758
launch_cursor_agent,-0.002282029117967412,-0.0004812856992295223,-0.007067570275375992,0.008239837184222734,-0.00033914779825783135
