,rename_memory,retrieve_activity,retrieve_chat_messages,retrieve_personal_priorities,retrieve_tasks_by_filters,search_clickup_help_center
team_orientation=individual,-0.012654256102745868,-0.05345890473769841,-0.035214292715271434,0.004665661258772135,-0.08404812679333448,0.00519018864145286
team_orientation=larger_team,-0.0005764293667870202,0.047482414580155494,0.03172848138001874,-0.0012901704085987453,0.07840564667613578,-0.003004681114361369
team_orientation=small_team,-0.0006998257869476316,0.03948898357070344,0.02219544858679003,-0.0006448720696479385,0.05832749154816693,-0.0036775241297473137
team_orientation=unknown,0.038975907062339915,-0.011633617913540976,-0.0001926212673707714,-0.009872463078038301,-0.016552076751765385,-0.0019316568761631077
