,tone_and_persona=casual_friendly,tone_and_persona=empathetic_supportive,tone_and_persona=professional_formal,tone_and_persona=technical_precise,tone_and_persona=unknown
execution_dataset=collection_scoped,-0.09893911433020809,-0.03129869916133941,0.11523495186792876,-0.006005908386895118,-0.0017623136057667234
execution_dataset=collection_unbounded,-0.027361388774364802,-0.016428380894254538,0.04445127458623386,-0.011920667373263465,-0.011503905574286172
execution_dataset=single_asset_from_user,-0.009534751600058787,0.0726873531943166,-0.039441653338709234,0.007841636568724341,-0.00199606107602593
execution_dataset=single_event_data,-0.010822315689833231,-0.06239667004542655,0.04343063023957799,0.01585182063107293,-0.011359482380864457
execution_dataset=single_user_prompt,0.14331112642825974,0.05465750031080091,-0.16462061517850218,-0.007088008442245836,0.0019764101712281346
execution_dataset=unknown,-0.02341380098618225,0.00019305203164120393,-0.009940442850757514,0.0013792562907533543,0.1294939931573205
