,use_case_context=entertainment,use_case_context=general_productivity,use_case_context=personal_productivity,use_case_context=personal_use_case,use_case_context=specific_use_case,use_case_context=test_or_placeholder,use_case_context=unknown
data_flow_direction=bidirectional,-0.013666098280609109,-0.035278866266113984,0.019180653160049077,-0.015417142321876492,0.039220546197207586,-0.0028833039441096197,-0.0035725612292631646
data_flow_direction=inbound,-0.0038655821273614957,0.010131791885453463,-0.008629625338244021,-0.017217427470132305,0.006170505982046271,-0.0012704228770050146,-0.0007534621779049862
data_flow_direction=outbound,0.06553423789499206,-0.2189766306476387,0.05407983329790568,0.16355721406452256,0.07129745625638229,-0.002326569830716845,-0.006935731058795712
data_flow_direction=processing,-0.05919045438396516,0.2353160807778371,-0.062206871213694885,-0.1520617759234435,-0.09167460198004097,-0.009713471354428271,-0.011578101731627684
data_flow_direction=unknown,0.023226374692219998,-0.024297325349027066,-0.000997595896916061,0.004521671170655029,0.004339204086580338,0.16624111736920488,0.24804926874640784
