,trigger=\N,trigger=assignment,trigger=automation,trigger=dm,trigger=introduction,trigger=manual,trigger=mention,trigger=scheduled,trigger=task_comment_mention,trigger=unknown
tone_and_persona=casual_friendly,-0.044984896468445536,-0.026915679057455663,-0.0734997018653915,0.04854384656828541,0.08418496953367065,-0.009964309072069875,-0.011594693352462108,-0.03385821311509435,-0.03174492825952062,-0.004176119474552509
tone_and_persona=empathetic_supportive,0.024888174438438434,-0.011833576695397655,-0.05908702498552986,0.0025877598885974957,0.029702496538330878,-0.004326468062549793,-0.013591600532829323,-0.00043567660759879037,-0.021401545908218234,-0.008754377631601572
tone_and_persona=professional_formal,0.01966998825827833,0.018806466016521438,0.0855843912440383,-0.04970807894642427,-0.07966051466997645,0.00960366206351464,0.015308477142337863,0.051747328545425714,0.029056794339863613,-0.005836615792063973
tone_and_persona=technical_precise,0.013814025092838007,0.02319066844470435,0.03315226119314766,0.0062636873160631466,-0.02185113264085286,0.0016733501444581023,0.008521189293291603,-0.037434756093456305,0.021485050444328642,0.010728324867858073
tone_and_persona=unknown,0.0003076548592499483,0.008485103789052843,0.012468923722863874,-0.0016690455872133065,-0.026770482532843285,0.006440997394607113,-0.001455220378559959,-0.0044537811693820505,0.012779228043600111,0.040789829542264566
