,operational_scope=branching_workflow,operational_scope=multi_workflow_orchestration,operational_scope=sequential_workflow,operational_scope=single_action,operational_scope=unknown
operational_scope=branching_workflow,1.0,-0.40038127523277034,-0.8027202139683347,-0.0841247136739699,-0.05292267339022016
operational_scope=multi_workflow_orchestration,-0.40038127523277034,1.0,-0.20191346891276757,-0.02116043979412505,-0.013311986396268944
operational_scope=sequential_workflow,-0.8027202139683347,-0.20191346891276757,1.0,-0.04242434351938397,-0.02668906172533709
operational_scope=single_action,-0.0841247136739699,-0.02116043979412505,-0.04242434351938397,1.0,-0.0027970015415102814
operational_scope=unknown,-0.05292267339022016,-0.013311986396268944,-0.02668906172533709,-0.0027970015415102814,1.0
