,autonomy_level=autonomous,autonomy_level=consultative,autonomy_level=human_in_the_loop,autonomy_level=unknown
use_case_context=entertainment,0.0086520916268898,0.006413520765985752,-0.023511620012657403,0.022808958782326725
use_case_context=general_productivity,0.11225868224715611,-0.09558857591006806,-0.019557137699110445,-0.031977252100757775
use_case_context=personal_productivity,-0.015351697737633554,0.03252340602994923,-0.0230323468292277,0.00426482509603075
use_case_context=personal_use_case,-0.044331341735063576,0.09623351371472544,-0.06864397092683942,0.006107719832384772
use_case_context=specific_use_case,-0.07446004858003484,0.0139298622866445,0.08012781820715291,0.009635083417788562
use_case_context=test_or_placeholder,0.004292814399159668,-0.014279909806867231,-0.009620718459201639,0.15203472306595237
use_case_context=unknown,-0.011433389182513434,-0.010427124924248575,-0.005705854022693459,0.23298809341363272
