,trigger=\N,trigger=assignment,trigger=automation,trigger=dm,trigger=introduction,trigger=manual,trigger=mention,trigger=scheduled,trigger=task_comment_mention,trigger=unknown
autonomy_level=autonomous,-0.035031834582467135,-0.00194866455568193,0.07988265531873309,-0.09208968883794612,-0.08264432783967189,0.020918920342177186,-0.005121497618505528,0.1708362510907709,-0.013323900773551937,0.005238755519681101
autonomy_level=consultative,0.03852925157968759,-0.026864305628623998,-0.15147639251215003,0.12806330035287652,0.11358914164158358,-0.018601238664451073,0.00010701814149353779,-0.189435514968896,-0.00727708388571245,0.0015972180983104274
autonomy_level=human_in_the_loop,-0.003797591350060019,0.036247974009878434,0.09409433095703991,-0.045317032985948885,-0.0388488791782764,-0.0032406710465239467,0.006218274420253867,0.022340725907827517,0.02759017424050985,-0.014130546553182882
autonomy_level=unknown,-0.0007439602528957549,0.012668626326187676,-0.007020715854662457,-0.002491548828809904,-0.0025654167595440137,-0.0016845801354832338,0.003461257629100649,-0.008271849313772665,-0.0004981325340503571,0.033317571116639765
