,team_orientation=individual,team_orientation=larger_team,team_orientation=small_team,team_orientation=unknown
list_available_calendars,-0.00572401309330674,0.0089909247199714,-0.0009607752637773285,0.003322764982030767
load_assets,-0.025190068192449473,0.005283239554195541,0.030638194799927385,-0.0024445891996845064
load_custom_fields,-0.012548616755189894,0.003926478949153141,0.017814887101447022,-0.008921877661226285
load_web_pages,0.003906015340892511,-0.006694252953089146,-0.0009263430899738787,0.0020946575266984954
manage_personal_priorities,-0.0005040942740011558,0.006134610322871549,-0.0018739589988682897,-0.004911527063592218
move_task_to_list,0.0030489761935322706,-0.004111258349855481,0.00039963473562461824,-0.0026781362390787423
