,rename_memory,retrieve_activity,retrieve_chat_messages,retrieve_personal_priorities,retrieve_tasks_by_filters,search_clickup_help_center
template_is_custom,0.0008959107095509242,0.05047175148256915,0.030711500099708845,0.02879635900424209,0.09606807594757023,0.007028494269898556
template_is_templated,,,,,,
template=custom,0.0008959107095509242,0.05047175148256915,0.030711500099708845,0.02879635900424209,0.09606807594757023,0.007028494269898556
template=unknown,-0.0008959107095509374,-0.050471751482568966,-0.03071150009970881,-0.028796359004241965,-0.09606807594757011,-0.007028494269898584
