,operational_scope=branching_workflow,operational_scope=multi_workflow_orchestration,operational_scope=sequential_workflow,operational_scope=single_action,operational_scope=unknown
team_orientation=individual,0.03158342843862754,-0.09220890906820532,0.04496952723573844,-0.035728596417466105,-0.16202958621748142
team_orientation=larger_team,-0.01024737351949552,0.07354814947864098,-0.03540571723085222,0.0005283301281893427,-0.005161139564591794
team_orientation=small_team,-0.0035186723811279747,0.06467629703501221,-0.03611367355919892,-0.005385106134136313,-0.005266747986669321
team_orientation=unknown,-0.06608858509484723,0.001520836319902715,0.00833752093685999,0.11374509329749109,0.4873237074490687
