,add_agent_schedule,add_task_to_list,check_calendar_availability,complete_execution,create_custom_field,create_document
use_case_context=entertainment,-0.003892094716182767,-0.0024294560727072976,-0.002303312641926607,-0.0008956057529037089,-0.0030614612939026,-0.007992817293555637
use_case_context=general_productivity,0.014506398318894942,0.01877778705176115,0.013023495035577492,0.004041146115364227,-0.011407864115006666,-0.050219521990030484
use_case_context=personal_productivity,0.01829606231315652,-0.0014687758399864088,0.011231052424613135,-0.0029939111120844105,-0.00313391696840969,-0.018776445129023173
use_case_context=personal_use_case,-0.009847773054131932,-0.012977379279598716,-0.0005523604773982136,-0.005323504978685007,-0.006074392688350431,0.03244559937078345
use_case_context=specific_use_case,-0.014757775514342477,-0.008543271401092432,-0.01688572771674257,0.0011065889099509088,0.017218152750598743,0.036348803073705124
use_case_context=test_or_placeholder,-8.745254781954373e-05,-0.0007984403051741269,-0.0007569832891367685,-0.000294340671024054,-0.0008009364695293768,-0.002792712885134658
use_case_context=unknown,-0.000958504345792636,-0.0004735388366760653,-0.0004489515168486741,-0.00017456751373891012,-0.0005967265001947162,-0.002457569037320617
