,rename_memory,retrieve_activity,retrieve_chat_messages,retrieve_personal_priorities,retrieve_tasks_by_filters,search_clickup_help_center
rename_memory,1.0,-0.0011387708140801404,-0.0004908601068474111,-0.0006970263933470977,-0.0018565723276323352,0.0005716710039920214
retrieve_activity,-0.0011387708140801404,1.0,0.031422084906283045,0.13488291425183946,0.2975336137944996,-0.0006626001957009025
retrieve_chat_messages,-0.0004908601068474111,0.031422084906283045,1.0,-0.005928675728117769,-0.010264439371177521,0.002446284364965246
retrieve_personal_priorities,-0.0006970263933470977,0.13488291425183946,-0.005928675728117769,1.0,0.24674166555197585,-0.005000104493333066
retrieve_tasks_by_filters,-0.0018565723276323352,0.2975336137944996,-0.010264439371177521,0.24674166555197585,1.0,-0.006252608152917833
search_clickup_help_center,0.0005716710039920214,-0.0006626001957009025,0.002446284364965246,-0.005000104493333066,-0.006252608152917833,1.0
