,tone_and_persona=casual_friendly,tone_and_persona=empathetic_supportive,tone_and_persona=professional_formal,tone_and_persona=technical_precise,tone_and_persona=unknown
generate_project_update,-0.02575421595160461,-0.02815576112465859,0.0502359061558787,-0.012648463321637951,-0.010158247862404782
generate_stand_up,-0.006338389259025498,-0.015966643777743098,0.026041863546932394,-0.017199636527668833,-0.006816016201140608
get_cursor_agent,-0.004223605943376916,-0.0021191980223795844,-0.001741622730604255,-0.0016473300989904094,0.032669410805550934
gmail_create_draft,-0.014387749521548702,-0.012591670459065259,0.02651998668308976,-0.008269628369524858,-0.004799014546524168
gmail_fetch_drafts,-0.006521073775037938,-0.007684344166246661,0.012564960736737752,-0.0019021945184350124,-0.0032153603638543724
launch_cursor_agent,-0.0056853211780163995,-0.0028526149358081973,-0.0005403267696464939,-0.0022174418789377573,0.03644280343417549
