,rename_memory,retrieve_activity,retrieve_chat_messages,retrieve_personal_priorities,retrieve_tasks_by_filters,search_clickup_help_center
tone_and_persona=casual_friendly,-0.0026813037142811936,-0.06189835736478297,-0.004332012687031863,0.010315827458788642,-0.07703553517415353,0.012160692361508078
tone_and_persona=empathetic_supportive,-0.0015234515469819561,-0.03514380631002356,0.002390438541987795,0.04744924180746212,-0.02021408553160155,0.0020555142466737552
tone_and_persona=professional_formal,0.003962949659494659,0.0889044217087614,0.0024017938834749574,-0.019802762913711882,0.09382928327721045,-0.01467336506076793
tone_and_persona=technical_precise,-0.0012589107821459856,-0.011359946712168813,-0.0014567435303638725,-0.03285014487798533,-0.020092549598679486,-0.003232159786424323
tone_and_persona=unknown,0.00048098617476769704,-0.015242628651724092,0.0037607019209684738,-0.011185928819392454,0.0030388220379063443,0.01527722392205068
