,external_integration_scope=calendar_integration,external_integration_scope=clickup_only,external_integration_scope=email_integration,external_integration_scope=multiple_external_systems,external_integration_scope=unknown,external_integration_scope=web_research_integration
create_document_page,-0.011574028530480871,-0.020665096948054948,-0.01376358169044805,-0.005551358380837133,-0.006140257894365722,0.04499749503145943
create_google_calendar_event,0.2701290565590349,-0.10434435257144227,-0.00750970739072194,0.04483089429810066,-0.003663723248608952,-0.016102265316592538
create_list,-0.0003429624361085688,0.012451186594896482,-0.004055145311595942,-0.006869682631837708,-0.001656354457854971,-0.009521519262828928
create_subtask,-0.007778135865097722,0.02189454529617148,-0.007199462184550567,-4.4016207863934805e-05,-0.0047683932172670265,-0.01935904984226692
create_task,0.013997868835069826,-0.025330903157279032,0.0040234647276400255,0.009321966250441554,-0.0042260156119086805,0.02015540492231335
delete_memory,0.0003618251070681804,1.3514447003903406e-05,-0.0018353144591093746,-0.0019438641519273613,-0.0010870567868288537,0.0022200824125318047
