,output_modality=email_external_message,output_modality=messages,output_modality=structured_document,output_modality=task_artifact,output_modality=unknown,output_modality=visual_image
team_orientation=individual,-0.04260549243411948,-0.056393203738626226,0.0198274571366858,0.035222292212806705,-0.0884349237858793,0.06802026686233477
team_orientation=larger_team,0.029963684314514242,0.07471281571724954,-0.029660535359963852,-0.037648856007411635,-0.0028425890353510164,-0.04580318837988492
team_orientation=small_team,0.03655221442706403,0.04341785016887492,-0.013352396376755902,-0.00607490947717543,-0.0007436492127384029,-0.055787752505448054
team_orientation=unknown,-0.006866645942889048,-0.05785389172301224,0.021968334062303408,-0.02457159235065961,0.2614240462931776,0.0019687997030365155
