,edit_image,find_similar_assets,find_stale_tasks,follow_up_cursor_agent,generate_image,generate_project_summary
list_available_calendars,-0.0007874827951973615,-0.00010496831712930123,-0.0007465413013759329,-4.0004174447704646e-05,-0.00110111301105433,-0.0007878706815927453
load_assets,-0.03334566702815937,0.02280840460189427,-0.0001703410356088588,0.016354540599068646,-0.03025118665628688,0.006844351091759985
load_custom_fields,-0.03134121564785119,0.007229876555502417,-0.008097097810590991,-0.001656323934003696,-0.0374524646885795,-0.014863350359293079
load_web_pages,-0.015150584960090661,-0.00232608730180528,-0.016949262204789792,-0.0009219200285268413,-0.006294820633429181,-0.017219185291891013
manage_personal_priorities,-0.008858043854226222,-0.0011770762445279786,0.07920155052608882,-0.00044999301432831673,-0.012331299251814806,-0.005538802184254124
move_task_to_list,-0.006739708370338054,-0.0008052016855415315,0.0036258716224322374,-0.00034787114706304087,-0.009210901968669931,-0.0037068272502965138
