,list_available_calendars,load_assets,load_custom_fields,load_web_pages,manage_personal_priorities,move_task_to_list
post_chat_message,0.004225701205653684,0.004787748238703214,-0.0142814357298535,0.02031290721926119,0.07087036735493889,-0.0030691410143083423
post_reply,-0.001986870417424799,-0.25120467180747486,-0.19607393853719424,-0.035599333728865555,-0.061919738550013294,-0.028918075870271266
post_slack_message,-0.0002810116538454349,0.012568055357940446,0.00721691486426531,-0.0018892851312160381,-0.00031658714717689086,-0.0021600494054432474
post_task_comment,-0.0010019213917002027,0.24384889560210757,0.15493438733124631,0.006518186584509022,0.021254513746679977,0.02685548631095669
read_memory,0.0012566628451614055,0.1257762883188787,0.05296262279651885,0.07184304108256667,0.052930252886622946,0.009304939526290676
reflect,-5.535629414474227e-05,0.0024795499182191146,0.0008536778122126828,-0.0006629597271953737,-0.000549331418395474,-0.000481369971850409
