,add_agent_schedule,add_task_to_list,check_calendar_availability,complete_execution,create_custom_field,create_document
functional_archetype=analyzer,-0.00998439852304221,-0.006512566396573363,-0.006125366257258447,0.001664840536191427,-0.009531921343729736,0.02671318670496296
functional_archetype=communicator,0.03377734107069808,-0.004914708410920582,0.0034814384760792644,0.00781643572697333,-0.009105455222660383,-0.034979843556655274
functional_archetype=creator,-0.04986149397634363,-0.02789871490131209,-0.027411157578703688,-0.000668463012549539,-0.030679464584216293,0.08588376973766154
functional_archetype=enforcer,0.011503388572598593,-0.0018225568524014133,-0.006237888095812144,-0.002049094994123385,0.019016657746407272,-0.02505474446525488
functional_archetype=monitor,0.03002920885042532,-0.00810866784437246,-0.008516990206234374,0.002264653053033531,-0.014574400227086918,-0.04066826536167602
functional_archetype=organizer,0.0180835126075937,0.04387523220035968,0.041306660639570295,-0.004866436891255168,0.047279682251545524,-0.054360566575551536
functional_archetype=unknown,-0.0004443669117050999,-0.0011905898051117558,-0.0011287714070116494,-0.00043890444893631374,-0.0009557701919100739,-0.002426194144179008
