,list_available_calendars,load_assets,load_custom_fields,load_web_pages,manage_personal_priorities,move_task_to_list
state_persistence=state_accumulating,-0.0014297054124605146,0.10344623669910112,-0.012407018143862187,0.044628210819443966,-0.01311727606456078,-0.004776682421880883
state_persistence=state_referencing,0.0028929101918812035,-0.030673071742249192,-0.02680470879485412,0.01368923715206637,0.002100301543174634,-0.0009239733775298396
state_persistence=stateless,-0.0003443808836060213,-0.0024231452787317562,0.005651779803936014,0.0030791983857632625,-0.003071647891397226,-0.002967890269147532
state_persistence=unknown,-0.0006001446576481359,-0.06575292191749965,0.02641424620048906,-0.04602537059724928,0.009965103415555246,0.004969074558380345
