,edit_image,find_similar_assets,find_stale_tasks,follow_up_cursor_agent,generate_image,generate_project_summary
execution_dataset=collection_scoped,-0.07376370145516947,0.004692541239147448,0.07824910316187988,0.010283187102162285,-0.08542400009494382,0.1356986427195346
execution_dataset=collection_unbounded,-0.04078865823833834,0.007433489918502848,0.13137921586934087,-0.0021712020709655244,-0.04664679126940306,0.02400202214016164
execution_dataset=single_asset_from_user,0.04710034805099694,-0.005569866063927426,-0.04323236882688057,-0.0022566307770694126,0.021660691175947464,-0.04291895954752131
execution_dataset=single_event_data,0.037473391854272106,0.004121647144087545,-0.0671418413537581,-0.003785438189195514,-0.0305792433469031,-0.058533989195792946
execution_dataset=single_user_prompt,0.035568363971934226,-0.00997268439605444,-0.07319986718433415,-0.0038243097298996335,0.1374353748506032,-0.0689155890675788
execution_dataset=unknown,-0.00706834569708329,-0.0011904394422627821,-0.007636238092109366,-0.0004536849634261512,-0.0070383793271601575,-0.004713947385063532
