,post_chat_message,post_reply,post_slack_message,post_task_comment,read_memory,reflect
data_flow_direction=bidirectional,0.028990381263984583,-0.060640619920477215,0.005528975342692306,-0.004242365989530468,0.08963620985663562,-0.001866658444791912
data_flow_direction=inbound,-0.014157634972354808,-0.008321630942925252,-0.002306171320230885,-0.007574765909774431,0.005930316634612602,-0.000530911797567928
data_flow_direction=outbound,-0.11684423342114066,0.2730267683423951,0.012849664784938366,-0.14186118781306326,-0.1050442812089462,-0.00289555212466368
data_flow_direction=processing,0.10302276245572364,-0.2375217582312041,-0.015113742463504616,0.1437196588229453,0.05619875492558167,0.003912626921942978
data_flow_direction=unknown,-0.009947289033667919,-0.00166183076960345,-0.0018991783167044325,-0.005900173248775195,0.01040282423372598,-0.0003741178420686804
