,search_clickup_support_resources,search_google_calendar,search_public_web,search_users_and_teams,search_workspace,todo_write
post_chat_message,0.014011838690956189,0.08062376308318824,0.04211118674205867,0.13609497953590352,0.10514583199110673,0.43697528599696833
post_reply,-0.008424729476490356,-0.08337359675412681,-0.06396316061560638,-0.07511592825448993,-0.17907140585948492,-0.5799696941400998
post_slack_message,0.0011811576632705012,0.012255487382732534,-0.0006663315741806983,0.03762695320428131,0.01877765749295917,0.05369523956716568
post_task_comment,-0.0001658718940284765,-0.014292952331386157,-0.002158715408841494,0.03000293149334614,0.02314304338350504,0.26695603736833545
read_memory,0.022336376142534326,0.0833232310165491,0.1032136465148566,0.061179467319523825,0.23799149052585775,0.45432542024717265
reflect,-0.00032307789995956803,0.00028374679675924417,0.0017961611986986844,4.3304015176490934e-05,0.0007454170855374901,-0.005837605795084592
