,data_flow_direction=bidirectional,data_flow_direction=inbound,data_flow_direction=outbound,data_flow_direction=processing,data_flow_direction=unknown
list_available_calendars,0.005069916284050697,-0.00035466970293516407,-0.002275462680325555,-0.00029470765287794383,-0.0002499252503279888
load_assets,0.011409374698308664,0.015385432396014245,-0.1987110442985817,0.18913573762577712,-0.005323510446893866
load_custom_fields,0.007643435190376717,0.02047296673462255,-0.1736749256817189,0.1658887175422262,-0.007128194983064782
load_web_pages,0.09091264071517004,0.004797266070316963,0.03552787834428599,-0.08203500123839362,-0.004121952865164295
manage_personal_priorities,0.0007347160071744369,-0.0029356354475487535,-0.04874265210944798,0.048338941355668325,-0.002580935542593557
move_task_to_list,0.007328442729362015,0.00496007755396035,-0.037523485222106606,0.0328891080072095,-0.0018700476194138593
