,template_is_custom,template_is_templated,template=custom,template=unknown
rename_memory,0.0008959107095509242,,0.0008959107095509242,-0.0008959107095509374
retrieve_activity,0.05047175148256915,,0.05047175148256915,-0.050471751482568966
retrieve_chat_messages,0.030711500099708845,,0.030711500099708845,-0.03071150009970881
retrieve_personal_priorities,0.02879635900424209,,0.02879635900424209,-0.028796359004241965
retrieve_tasks_by_filters,0.09606807594757023,,0.09606807594757023,-0.09606807594757011
search_clickup_help_center,0.007028494269898556,,0.007028494269898556,-0.007028494269898584
