,edit_image,find_similar_assets,find_stale_tasks,follow_up_cursor_agent,generate_image,generate_project_summary
data_flow_direction=bidirectional,-0.0338900069783074,-0.004499132055985552,-0.01580402770715212,-0.0018191935365960295,-0.03772005193778964,-0.0155723368652355
data_flow_direction=inbound,-0.0075525992628565075,-0.0010067313716680853,-0.006773920928041676,-0.00038367250724404776,-0.010560567629323718,-0.007441347215600308
data_flow_direction=outbound,0.1317672056978782,-0.013458483507230227,-0.08212604836667785,-0.005634142905176717,0.1769295093325632,-0.06589489697658624
data_flow_direction=processing,-0.11148254849235428,0.015785387800037708,0.09042409882368345,0.006568653497942056,-0.1536916416609464,0.0743506041420199
data_flow_direction=unknown,-0.005220346705133045,-0.0007094138236080991,-0.004468341120051798,-0.00027036266876865066,-0.006426425838622374,-0.0045440196968615145
