,data_flow_direction=bidirectional,data_flow_direction=inbound,data_flow_direction=outbound,data_flow_direction=processing,data_flow_direction=unknown
team_orientation=individual,-0.01940055070062726,0.008903130965244543,0.07465078309207965,-0.051486765011558876,-0.16261631282696407
team_orientation=larger_team,0.004617818913471591,-0.0071759580640921115,-0.04671147316109072,0.045032903077458164,-0.005056685419332848
team_orientation=small_team,0.028167186555209268,-0.005293743112745927,-0.06911996074483585,0.05486079817863145,-0.005104610227209237
team_orientation=unknown,-0.012677038009694094,-0.00207244825777143,0.013160847900886476,-0.04633479299097449,0.48848838529966415
