,list_available_calendars,load_assets,load_custom_fields,load_web_pages,manage_personal_priorities,move_task_to_list
update_chat_message,0.00301236791112318,0.008080966373038541,0.013947927822822568,0.001977220576996768,-3.864763227324275e-06,-0.0003888780852336725
update_comment,0.0012828118271286607,0.04824085536163968,0.031535942323948615,0.0016032839282256702,-0.0011942233975982563,0.0032608375625710596
update_document,-0.0006901848591553001,0.23683381496792522,0.0012293065566839599,0.03852714493964395,-0.00770350820372539,-0.0037659259939214944
update_google_calendar_event,0.0015313011330435637,-0.005856501052025096,0.0005693476067176065,-0.0039508707436185925,-0.0007844157393133748,0.004364791099503185
update_task,0.005261947047811561,0.19384524326173205,0.27715530221648726,0.003653492567617287,0.041607411746337496,0.05909817445168066
view_tools_catalog,0.0017128973212513175,0.08190914305471442,0.015788096837421238,0.034422203870780974,-0.0018842530925772447,0.009048593594671776
