,add_agent_schedule,add_task_to_list,check_calendar_availability,complete_execution,create_custom_field,create_document
template_is_custom,0.014188325771441511,0.007009590837726812,0.006645635363671027,0.0025840474953611587,0.008833084605593055,0.03637833282694028
template_is_templated,,,,,,
template=custom,0.014188325771441511,0.007009590837726812,0.006645635363671027,0.0025840474953611587,0.008833084605593055,0.03637833282694028
template=unknown,-0.01418832577144144,-0.00700959083772682,-0.006645635363671076,-0.002584047495361121,-0.008833084605592996,-0.03637833282694024
