,team_orientation=individual,team_orientation=larger_team,team_orientation=small_team,team_orientation=unknown
use_case_context=entertainment,-0.0012219213237438292,0.002825884880943237,-0.007881366115540727,0.015735723264845958
use_case_context=general_productivity,-0.02733651848199349,0.05654345236587882,0.00914116189031965,-0.03684247219763899
use_case_context=personal_productivity,0.03806499798508423,-0.02554523311838245,-0.026372538924266782,-0.009504844863634286
use_case_context=personal_use_case,0.0635352695035905,-0.0457104131716363,-0.048878029807501576,-0.00016691643771030919
use_case_context=specific_use_case,-0.029895703288636357,-0.013469947070310174,0.03710029543371862,0.028998590534946307
use_case_context=test_or_placeholder,-0.03839026642708423,-0.002680086053828095,-0.000824598856763991,0.11702258420216641
use_case_context=unknown,-0.053334308836361526,-0.0015895049684957192,-0.0020410760116581837,0.16088732816006443
