,autonomy_level=autonomous,autonomy_level=consultative,autonomy_level=human_in_the_loop,autonomy_level=unknown
data_flow_direction=bidirectional,-0.0382262417952542,-0.01223429679671758,0.0691577802755399,-0.011004477306714708
data_flow_direction=inbound,0.006837117755902311,-0.011212134688778604,0.00490305030524462,0.004966186312521382
data_flow_direction=outbound,-0.15856938880550372,0.29665692684647776,-0.17822983444259335,-0.007613627806291054
data_flow_direction=processing,0.17844420768323457,-0.28289191751239046,0.14145118773487472,-0.0466334761885334
data_flow_direction=unknown,-0.03551037914721186,-0.032295819088463726,-0.017572820406817204,0.721842500911287
