,team_orientation=individual,team_orientation=larger_team,team_orientation=small_team,team_orientation=unknown
tone_and_persona=casual_friendly,0.055589581958339435,-0.01792127059391605,-0.043727969890629756,-0.0355204413296344
tone_and_persona=empathetic_supportive,0.02424561940855538,-0.012964801474215516,-0.0186353235331452,-0.007699504160201112
tone_and_persona=professional_formal,-0.0544724467641149,0.02954773522420735,0.05193196317164554,-0.005131276789888089
tone_and_persona=technical_precise,0.0027943915034726284,-0.00993166538856008,-0.0001694048608761287,0.009159614551444935
tone_and_persona=unknown,-0.05787012176492914,0.0007896506388656362,0.0022225548540821686,0.16072873367658508
