,state_persistence=state_accumulating,state_persistence=state_referencing,state_persistence=stateless,state_persistence=unknown
autonomy_level=autonomous,-0.008525339387893675,-0.06581304807108984,0.01727935434358435,0.04621700368001614
autonomy_level=consultative,-0.035217006552830284,0.0708933738804266,-0.0036889867440602383,-0.015252106817946356
autonomy_level=human_in_the_loop,0.05989651641339913,-0.004371450670585388,-0.017855845418982382,-0.04414815638817835
autonomy_level=unknown,-0.01254396308957859,-0.006695037686323535,-0.003140094179992149,0.015073041638563827
