,functional_archetype=analyzer,functional_archetype=communicator,functional_archetype=creator,functional_archetype=enforcer,functional_archetype=monitor,functional_archetype=organizer,functional_archetype=unknown
generate_project_update,-0.0038950617168433863,0.00623660019909658,-0.07873730098967884,-0.015058608260268965,0.1681537687791219,-0.035012972671049504,-0.0030064260488034287
generate_stand_up,0.0006426965284974644,0.03278596150397142,-0.06531744299302206,-0.01654383309219897,0.1393300147547007,-0.04265636684203536,-0.002771189860896818
get_cursor_agent,-0.0021438092446430792,-0.0013352525748753202,-0.004929608488320507,-0.001163986731451253,-0.0023967162945266337,0.009719062503783914,-0.000199122299922687
gmail_create_draft,-0.009480584811584314,0.13880503484003862,-0.03972391443943643,-0.0066058066107220524,0.000641488188337632,-0.012120444683725218,-0.001478457569329284
gmail_fetch_drafts,-0.007160376761969079,0.05060032098952192,-0.020797623225868915,-0.005188194928257237,0.0035787272210328013,0.0036162092397259483,-0.0008901874560620674
launch_cursor_agent,-0.002885743666335588,-0.0017973598493115854,-0.006635658703418324,-0.0015668219298789296,-0.0032261773682596296,0.013082657952472126,-0.0002680350023043663
