,operational_scope=branching_workflow,operational_scope=multi_workflow_orchestration,operational_scope=sequential_workflow,operational_scope=single_action,operational_scope=unknown
autonomy_level=autonomous,-0.07682471419149449,-0.0817493646424648,0.13094870048319923,0.04815086991550621,-0.036701729060987384
autonomy_level=consultative,0.07052256306084317,-0.03986638124023847,-0.04043380954454983,-0.04759231947790654,-0.032569563192236674
autonomy_level=human_in_the_loop,0.020026493806094944,0.16381225633349314,-0.12003790015914408,-0.0280181618763707,-0.017959462000066543
autonomy_level=unknown,-0.06767126676669971,-0.008779517384006065,-0.01563443841304144,0.17580225703323077,0.7375438028226128
