,autonomy_level=autonomous,autonomy_level=consultative,autonomy_level=human_in_the_loop,autonomy_level=unknown
team_orientation=individual,-0.06105954170164706,0.10679191489406809,-0.030673791731938536,-0.1909149362395514
team_orientation=larger_team,0.05959701613026634,-0.07039682856710468,0.013299682206158058,-0.001578922673773706
team_orientation=small_team,0.0389197322325978,-0.06946535992872073,0.04060061239698536,-0.006699028174889367
team_orientation=unknown,-0.009044683964061549,-0.03858262430239039,-0.021732392755708877,0.5676252905797851
