,execution_dataset=collection_scoped,execution_dataset=collection_unbounded,execution_dataset=single_asset_from_user,execution_dataset=single_event_data,execution_dataset=single_user_prompt,execution_dataset=unknown
search_clickup_support_resources,0.004409185399593188,0.005147562991995422,-0.011010670052344065,-0.006087126694164099,0.004850980784332431,0.0053825643650234015
search_google_calendar,0.07409201156985085,0.04347909793221124,-0.03354667715021781,-0.048467424363480074,-0.03739456378437139,0.013426765721646593
search_public_web,-0.01542966595769309,0.1343719799926205,-0.04314578544992241,-0.0533547549066878,0.007090898800543947,0.00345975322860791
search_users_and_teams,0.04684570536013278,0.06613273298407385,-0.027261639971207695,-0.01680407584454666,-0.05782702919445781,-0.002786487274875681
search_workspace,0.20228853387772877,0.08503395998994398,-0.08721221462353072,-0.08777271411128199,-0.12133437569739672,0.0042736338798027755
todo_write,0.3710872491890586,0.24269979131058772,-0.198209046753586,-0.08298846135661363,-0.3304475681761691,-0.00582421731018726
