,add_agent_schedule,add_task_to_list,check_calendar_availability,complete_execution,create_custom_field,create_document
rename_memory,0.005929433439717699,-0.00017166551333176971,-0.00016281096549202324,-6.330640255961653e-05,-0.0001954950704379801,-0.0007673756701573969
retrieve_activity,0.00143199982054969,-0.0013043896013899714,-0.003128780079761007,-0.003109720989792924,-0.010075844118232563,-0.0011973567153261437
retrieve_chat_messages,0.0177480673671748,-0.0026857442745542334,-0.0014561098318552135,-0.001606018418780789,-0.0006272765100800229,0.017965100582722323
retrieve_personal_priorities,0.0032746500209872432,-0.0003438827884724863,0.02384112027425982,-0.0019764789762356312,-0.006596326549287671,-0.026666171790054448
retrieve_tasks_by_filters,0.0072104155950454265,0.03110058905563422,0.01088809520993145,0.008234331746961652,-0.0044123206173735325,-0.02044004769827201
search_clickup_help_center,0.000739917981191616,-0.001201944690558376,-0.0011055170026516472,-0.0004966440102733187,0.005651306287341547,-0.001965223782777114
