,autonomy_level=autonomous,autonomy_level=consultative,autonomy_level=human_in_the_loop,autonomy_level=unknown
functional_archetype=analyzer,0.06352094946686619,-0.018006952724555554,-0.060570169150559204,-0.006133179092055732
functional_archetype=communicator,0.030116759937861896,-0.030358520492570696,2.4734257242632185e-05,-0.0021444142665548987
functional_archetype=creator,-0.17340251536133489,0.28955055147136743,-0.15024425698377283,0.001285326432422842
functional_archetype=enforcer,0.032712333380188585,-0.09578978971869172,0.0831541165711506,-0.002725538744134642
functional_archetype=monitor,0.27997939836608066,-0.22318955577365707,-0.07800243006829363,-0.018866698783390715
functional_archetype=organizer,-0.09175073210825323,-0.07845688622179162,0.23029805269457507,-0.02229936992932766
functional_archetype=unknown,-0.02820088092156617,-0.025662460436881383,-0.014345880638976493,0.5759946020299822
