,functional_archetype=analyzer,functional_archetype=communicator,functional_archetype=creator,functional_archetype=enforcer,functional_archetype=monitor,functional_archetype=organizer,functional_archetype=unknown
execution_dataset=collection_scoped,0.08649061750122253,0.04330062225687786,-0.3705266671918359,0.0008898161866430088,0.2777830449144787,0.11369142504069975,-0.020778849453126996
execution_dataset=collection_unbounded,0.07218422132686296,0.026169888356810594,-0.208781764816341,-0.022251630942672806,0.27714723322895113,-0.034430537446410316,-0.010720315762902395
execution_dataset=single_asset_from_user,-0.02077869544427732,-0.05503737734195783,0.22678811101973909,-0.049986541298789676,-0.1334360132822761,-0.08447212698041667,-0.00937830746791066
execution_dataset=single_event_data,-0.04539939560450633,0.02033836992616893,-0.061220363128695686,0.14261071063033712,-0.15769080326431587,0.15012354984206328,-0.018064472395253075
execution_dataset=single_user_prompt,-0.07952455046049763,-0.04438564056732648,0.43247847437188,-0.09306333510583797,-0.2251321175809381,-0.18437617612833926,-0.018259582453559357
execution_dataset=unknown,-0.002764285336993673,-0.0008688307099563816,-0.010391379361829317,0.00505822851046306,-0.02394396867922882,-0.003235870845751946,0.45519801310042424
