,search_clickup_support_resources,search_google_calendar,search_public_web,search_users_and_teams,search_workspace,todo_write
functional_archetype=analyzer,0.011423084762339735,-0.01382462256762476,0.10937665970856329,0.004070981039194854,0.05658957490366129,0.0561199866185437
functional_archetype=communicator,0.023934273178053727,0.07435708500822746,0.0007336413659416305,0.034340289597194186,0.0393175209805929,0.048611022808760604
functional_archetype=creator,-0.011212604289170792,-0.08437276638668016,-0.02926419364068415,-0.09232974417136901,-0.16516197662105608,-0.40330884411383744
functional_archetype=enforcer,-0.00017539541925876164,-0.01928028992518994,-0.02248073110121255,0.010630392629202784,-0.016454023752486793,0.03079765569321091
functional_archetype=monitor,-0.0060180572761039655,0.00269738344969731,0.02143516019323185,0.08972773266467197,0.04036225031213971,0.3336733241894248
functional_archetype=organizer,-0.002105899834481418,0.07266001815214704,-0.05136125002064683,0.0098113899428333,0.09803912968837619,0.11277829716662573
functional_archetype=unknown,-0.0011527971345981064,-0.003668235081628309,0.0025947563115618433,-0.003823894024075253,-0.0019406465443309357,-0.010124893080342014
