,use_case_context=entertainment,use_case_context=general_productivity,use_case_context=personal_productivity,use_case_context=personal_use_case,use_case_context=specific_use_case,use_case_context=test_or_placeholder,use_case_context=unknown
execution_dataset=collection_scoped,-0.03536383535468356,0.042898899612449144,0.011060604945970953,-0.09647359682175533,0.025060309366776366,-0.01304622818004907,-0.008264468715635688
execution_dataset=collection_unbounded,-0.008907419597146879,0.19803353410199723,-0.007737776989062999,-0.08520698305936662,-0.13138538483961168,-0.005834004359376248,-0.004263841193137377
execution_dataset=single_asset_from_user,-0.012328868247695256,-0.06251858136639665,-0.0251951652225844,0.1947776176158742,-0.060291559934968396,-0.0009007581571442008,-8.94991230382729e-07
execution_dataset=single_event_data,-0.008275587727658117,0.028056183594853942,-0.05938813681758776,-0.08467939523385129,0.057513301456708084,-0.0022700734624458703,-0.00743390378123078
execution_dataset=single_user_prompt,0.057955895060695393,-0.1601743815579617,0.06978805106451223,0.10649751979239043,0.04665459440178833,0.005904472070407829,-0.005945368136561413
execution_dataset=unknown,0.012879839239092363,-0.02562400070267421,0.005318414475489848,-0.004283534952748379,0.01600646780607812,0.09252680991992307,0.1576039858632801
