,post_chat_message,post_reply,post_slack_message,post_task_comment,read_memory,reflect
operational_scope=branching_workflow,0.018705548252551683,-0.039112527858920214,0.0026679274584253477,0.017225504522087574,-0.030862497654040547,-0.0017831867766947248
operational_scope=multi_workflow_orchestration,0.10581883461422725,-0.1413973568451302,0.010462234424333012,0.05621836865724923,0.14940098583190908,-0.002508616270510336
operational_scope=sequential_workflow,-0.08450753830545918,0.13123520331074295,-0.00920469375313525,-0.052006214810502556,-0.0626812623630229,0.003637816964660777
operational_scope=single_action,-0.013462341842976547,0.0062512590370074885,-0.000980509487558598,-0.012082652689109578,-0.0015905482605913846,-0.000606973753326571
operational_scope=unknown,-0.010673921779793925,-0.0010960654417723576,-0.0019384089651065428,-0.005676200659221594,0.010597738994964993,-0.0003818458607565847
