,autonomy_level=autonomous,autonomy_level=consultative,autonomy_level=human_in_the_loop,autonomy_level=unknown
domain_knowledge_depth=deep,-0.046589679138612713,-0.004840761836378297,0.06739806107101358,0.010479007581129986
domain_knowledge_depth=light,0.12656743055274217,-0.1610198736895754,0.043704667749704516,-0.004890479074203903
domain_knowledge_depth=moderate,-0.16121064970329158,0.1991568145090122,-0.04545956519166868,-0.009530851004800266
domain_knowledge_depth=none,0.1150936274713516,-0.07600190001980427,-0.054721511837360765,0.0044967526696983225
domain_knowledge_depth=unknown,-0.011433389182513543,-0.010427124924248753,-0.005705854022693388,0.2329880934136361
