,rename_memory,retrieve_activity,retrieve_chat_messages,retrieve_personal_priorities,retrieve_tasks_by_filters,search_clickup_help_center
functional_archetype=analyzer,0.008626459910687036,0.08631995036240488,-0.004527697713748447,-0.006729728046211368,0.04195352198604704,-0.0007021156225259622
functional_archetype=communicator,-0.0010204171370564355,0.018555801450132074,0.0398517196527843,0.032139147167848776,0.01986095405202528,0.00905424776932289
functional_archetype=creator,-0.0020376140072353235,-0.19825935348901047,-0.001353342169423505,-0.11913854572918482,-0.3556399260737553,0.010792881532541262
functional_archetype=enforcer,-0.0008895335837042573,-0.020053951368231168,-0.010329472126441364,-0.026083753137716388,-0.002169353818913514,-0.0034572127326340926
functional_archetype=monitor,-0.0017257805855569153,0.31237309790412965,0.03979553767778558,0.12978438660550842,0.3559744584188439,-0.005629289794982855
functional_archetype=organizer,-0.0016122382753598079,-0.07979516312995878,-0.03941917833761825,0.032056329741944146,0.0806316816342232,-0.009647655045037222
functional_archetype=unknown,-0.00015217181455738743,-0.00574041311862492,-0.0009346740885589756,-0.003150974313927085,-0.007104460195350995,-0.0011938005821950917
