,rename_memory,retrieve_activity,retrieve_chat_messages,retrieve_personal_priorities,retrieve_tasks_by_filters,search_clickup_help_center
add_agent_schedule,0.005929433439717699,0.00143199982054969,0.0177480673671748,0.0032746500209872432,0.0072104155950454265,0.000739917981191616
add_task_to_list,-0.00017166551333176971,-0.0013043896013899714,-0.0026857442745542334,-0.0003438827884724863,0.03110058905563422,-0.001201944690558376
check_calendar_availability,-0.00016281096549202324,-0.003128780079761007,-0.0014561098318552135,0.02384112027425982,0.01088809520993145,-0.0011055170026516472
complete_execution,-6.330640255961653e-05,-0.003109720989792924,-0.001606018418780789,-0.0019764789762356312,0.008234331746961652,-0.0004966440102733187
create_custom_field,-0.0001954950704379801,-0.010075844118232563,-0.0006272765100800229,-0.006596326549287671,-0.0044123206173735325,0.005651306287341547
create_document,-0.0007673756701573969,-0.0011973567153261437,0.017965100582722323,-0.026666171790054448,-0.02044004769827201,-0.001965223782777114
