,search_clickup_support_resources,search_google_calendar,search_public_web,search_users_and_teams,search_workspace,todo_write
add_agent_schedule,8.284663857365653e-05,0.03982905588261517,0.0009301926590863493,0.011990177765210993,0.005312827600793184,0.032923989904470076
add_task_to_list,0.00203094413644818,-0.0009042225850708201,-0.004911675965164741,0.0062316223674249525,0.022218361512763178,0.035572497946382745
check_calendar_availability,-0.0008660883675879976,0.11300432789675849,-0.0049111795771070174,0.030520042186951785,-0.002211033574474639,0.026824040126570723
complete_execution,-0.00047958578718873036,-0.0009852867257979436,0.0008847706254613045,-0.0007632889613224209,0.0011884855184347122,-0.009795205439827903
create_custom_field,0.005332890647727094,-0.00465256584454189,-0.00519502050026248,-0.002922261371881458,0.018773128740048516,0.019229380049035138
create_document,0.004539909039380357,-0.014991698899048434,0.051228617434402525,0.003975579900292036,0.1444356257658263,0.1446028930188741
