,execution_dataset=collection_scoped,execution_dataset=collection_unbounded,execution_dataset=single_asset_from_user,execution_dataset=single_event_data,execution_dataset=single_user_prompt,execution_dataset=unknown
update_chat_message,-0.0018002284352023102,-0.0019675658836713276,-0.0036591321635485027,0.010518112301731454,-0.004535160249664802,-0.0007356512455027286
update_comment,0.007632097469901219,-0.004899816839801752,-0.0100222319935172,0.02132944520631927,-0.01854519857750966,-0.0013533166392003372
update_document,0.051499339111890356,0.022889935374286845,-0.024782111465594735,-0.019435619014249297,-0.03405134367161886,0.008924370414937923
update_google_calendar_event,0.007269982165473279,0.004563471193661545,-0.007678864649111201,-0.007859705233208994,0.0025759279579739944,-0.00033757409959765856
update_task,0.05588742726063198,-0.007854686842017554,-0.053023948165585706,0.08209997368382788,-0.0962082770542559,-0.006509200356918933
view_tools_catalog,0.06326857262413794,0.04167487822592461,-0.02384692067958447,-0.028733963994674313,-0.05064647222384516,0.009064189284300203
