,team_orientation=individual,team_orientation=larger_team,team_orientation=small_team,team_orientation=unknown
update_chat_message,-0.006911181100635952,0.0006515826514358783,0.00907746257881693,-0.0007658968088416513
update_comment,-0.004583851290705195,0.0028606666240271438,0.004633412628821081,-0.0016350321754802844
update_document,-0.010466813435471536,-0.0036473892752368104,0.012240634321141829,0.009954978999630557
update_google_calendar_event,0.005099085765956698,-0.002930703286962317,-0.004054618632043045,-0.0009807571111803846
update_task,0.0029208929963213297,-0.00426256216245218,0.003303689083431389,-0.008318751574988187
view_tools_catalog,-0.03080544439955829,0.014138783287003019,0.02683688178149633,0.006924231601748205
