,output_modality=email_external_message,output_modality=messages,output_modality=structured_document,output_modality=task_artifact,output_modality=unknown,output_modality=visual_image
autonomy_level=autonomous,0.010432003464975656,0.11816218083315302,-0.017447689574940233,-0.042386633497548454,-0.027192105582395987,-0.10201620124492419
autonomy_level=consultative,-0.031158134000780092,-0.0940265262057501,0.03707306199331455,-0.06360477225195282,0.010430534829974648,0.17861695520690557
autonomy_level=human_in_the_loop,0.02783170093589809,-0.02694474381047812,-0.02648342509765762,0.14434964698618483,-0.021973249400407457,-0.09771794052155378
autonomy_level=unknown,-0.004253559698022397,-0.049398416891377965,0.005930521508450501,-0.022178852810597966,0.2988199204258206,-0.009996428724294347
