,tone_and_persona=casual_friendly,tone_and_persona=empathetic_supportive,tone_and_persona=professional_formal,tone_and_persona=technical_precise,tone_and_persona=unknown
add_agent_schedule,-0.003551302238827173,0.004069702666386535,0.0010932326580128334,-0.00784317611586331,0.015216065392287346
add_task_to_list,-0.0015966256467791593,-0.005192138127496188,0.0038439446675228393,0.0012858202504121,0.0008803886878762591
check_calendar_availability,-0.005001452445699732,0.005624468191872205,0.003556625307607936,-0.006228814392752589,0.0031994861705497185
complete_execution,-0.007800032675841905,-0.004671126441190035,0.004763467624869212,-0.0033177209180297383,0.029542829865155773
create_custom_field,-0.005710866258148903,-0.008035133778159675,0.004196498228009206,0.010041902223306774,0.0044669471268360544
create_document,-0.03958073512503411,0.006668300278579617,0.025212665520136842,0.01257734367797986,0.005657181279020822
