,post_chat_message,post_reply,post_slack_message,post_task_comment,read_memory,reflect
create_document_page,-0.004563031737811956,-0.016301818280271822,-0.0041427850224470195,-0.0003627200451846246,0.03048602317785904,-0.0013627018490017639
create_google_calendar_event,0.009283693884875929,-0.012528037968599698,-0.0021669399134732147,-0.004880283194327989,0.031850019527127765,0.0005649301091347525
create_list,-0.0008835233165722128,0.004546718733073683,-0.003019608025493694,-0.004158851815973719,0.00859035098839947,-0.0005942008490343447
create_subtask,-0.030601127516579476,-0.07570598517304712,-0.0008496180489933448,0.10453024482616269,0.007401979653550892,0.002151535975959016
create_task,-0.002712687006106309,-0.03302295510665959,-0.004486472210788013,0.016187487321545183,0.06856501370123273,-0.0017017501363053556
delete_memory,-0.0006229008445132384,-0.004234517705537631,0.0010239525410540187,0.003079913253382202,0.02306964154216554,-0.00010449543737418363
