,list_available_calendars,load_assets,load_custom_fields,load_web_pages,manage_personal_priorities,move_task_to_list
template_is_custom,0.0011629020983635573,0.097912972587934,0.04814853962154994,0.026799771536312092,0.013081080358136746,0.010112446824982836
template_is_templated,,,,,,
template=custom,0.0011629020983635573,0.097912972587934,0.04814853962154994,0.026799771536312092,0.013081080358136746,0.010112446824982836
template=unknown,-0.0011629020983636021,-0.09791297258793384,-0.04814853962154998,-0.02679977153631197,-0.013081080358136741,-0.0101124468249828
