,post_chat_message,post_reply,post_slack_message,post_task_comment,read_memory,reflect
tone_and_persona=casual_friendly,-0.019423637137527327,0.09629705327402759,-0.0065452651902995,-0.0693493116235689,-0.05531849063467663,-0.005861137283362848
tone_and_persona=empathetic_supportive,0.012004580931894113,0.03968921908331845,-0.013355438267529787,-0.03363010210651624,0.013062628867475374,-0.0031467523879547834
tone_and_persona=professional_formal,0.02770618217130141,-0.10382875063067042,0.013335450044879812,0.08130755233818263,0.031247414596537557,0.004612126929503041
tone_and_persona=technical_precise,-0.029646087668819435,-0.01190839723131071,0.0024194476006902123,0.008505282389424147,0.0074349062635413144,-0.0019359831898663976
tone_and_persona=unknown,-0.008790716236307804,-0.019694204743010497,-0.0007577697498581851,6.57672936529241e-05,0.03614749619841428,0.015783912006970286
