,state_persistence=state_accumulating,state_persistence=state_referencing,state_persistence=stateless,state_persistence=unknown
search_clickup_support_resources,0.014523822844125817,0.0008207817679646154,-0.0020099223472354035,-0.012235794111686942
search_google_calendar,-0.00352508494001725,0.009601207150986895,-0.004732993304262362,-0.0024756892222768546
search_public_web,0.05932603734375906,0.020954086208846107,-0.0003011838905199494,-0.06228711322589121
search_users_and_teams,-0.0037365614176059006,-0.0011418589201884928,0.0014963676586050023,0.0035943583518411306
search_workspace,0.16425848646650182,-0.001129962545387156,-0.009992801102373676,-0.13364761156645996
todo_write,0.09714015025585407,-0.027056384652793947,-0.013308764071515385,-0.06123819711516278
