,domain_knowledge_depth=deep,domain_knowledge_depth=light,domain_knowledge_depth=moderate,domain_knowledge_depth=none,domain_knowledge_depth=unknown
external_integration_scope=calendar_integration,-0.02445875922654808,0.12448219174131299,-0.09874613826181185,-0.010711988683933459,-0.001892840744842442
external_integration_scope=clickup_only,-0.05557254228145554,0.047787664849533194,-0.042480806139685134,0.04753712308675334,-0.027786500027827978
external_integration_scope=email_integration,-0.004182465484652927,0.055515919554415205,-0.0505494849602344,0.0003927272598484601,-0.0020654635337130425
external_integration_scope=multiple_external_systems,0.012038184255140376,0.016398192863362915,-0.03182022608083385,0.017293224726382398,-0.002187625395947861
external_integration_scope=unknown,0.006389160638841475,0.027690165852363093,-0.03831804869600098,0.008983249385319428,0.13642192607137615
external_integration_scope=web_research_integration,0.07782779113952701,-0.17075939373041565,0.160671625295217,-0.06952011949094196,-0.0041864729157542425
