,execution_dataset=collection_scoped,execution_dataset=collection_unbounded,execution_dataset=single_asset_from_user,execution_dataset=single_event_data,execution_dataset=single_user_prompt,execution_dataset=unknown
list_available_calendars,-0.0012899142211085246,0.010857290201508982,-0.0020860461779932753,-0.00228745258788058,-0.003535220194896017,0.007565114680642707
load_assets,0.09063969137492645,-0.03348836486879309,-0.060625895985243115,0.15326983313416875,-0.18116337836242144,-0.0016490340742854272
load_custom_fields,0.09495410579364608,-0.04690627746722807,-0.070340675336851,0.11113952109790823,-0.12616380280331502,-0.01138139048197332
load_web_pages,-0.0032374170188893573,0.06528849972469053,-0.03244053333522443,-0.024217356602790684,0.006313816218937993,-0.0040769279887349266
manage_personal_priorities,0.025893823928831064,0.09018942446576032,-0.023016132152368408,-0.03528932686872057,-0.03723633581158947,-0.001439560771555031
move_task_to_list,0.010018285806333542,-0.001465172377276305,-0.008482927194213164,0.018590143801963502,-0.02212514740281428,0.0010034716340469928
