,create_document_page,create_google_calendar_event,create_list,create_subtask,create_task,delete_memory
functional_archetype=analyzer,0.03349836855824007,-0.015938029704703937,-0.019225940214005012,-0.03182840059494946,-0.03846033189213137,0.002138390214408861
functional_archetype=communicator,-0.026067686671481887,-0.006244437714329125,-0.012145273470460296,-0.02337924667318424,-0.02893924512778131,-0.002500267578992017
functional_archetype=creator,0.04677939730291479,-0.038911486526045966,-0.04325794191130225,-0.08550204709504108,-0.08177049033931177,-0.005780799704664526
functional_archetype=enforcer,-0.022653403443243625,-0.009202160015049093,0.0011074633363582806,0.003322107169514459,-0.024528404401399483,0.009705765698183615
functional_archetype=monitor,-0.015639552413589455,-0.01590839592326751,-0.023137434998317878,-0.043220628426074915,-0.04713009556192984,0.0020970417845448315
functional_archetype=organizer,-0.04063122573445403,0.07180820991149069,0.08278843979315936,0.15657425248330176,0.1741712488325923,0.00044076067708517097
functional_archetype=unknown,-0.002236303279381764,-0.0016640052574176643,-0.0022311874284313637,-0.002144991495086665,-0.005544025107675153,-0.0003728575702597068
