,state_persistence=state_accumulating,state_persistence=state_referencing,state_persistence=stateless,state_persistence=unknown
domain_knowledge_depth=deep,0.059491567172369975,-0.013832531304331281,-0.0062599033453506195,-0.03951488843796296
domain_knowledge_depth=light,-0.022248466482703268,-0.039861425046741256,-0.0035067404854524117,0.04416272932985781
domain_knowledge_depth=moderate,0.023565444278042875,0.057403742643185214,-0.004164804418240662,-0.05524350485933674
domain_knowledge_depth=none,-0.05885336923772865,-0.021217822005042547,0.018790912135946747,0.05936012576002954
domain_knowledge_depth=unknown,-0.004661694294223403,-0.003375823312864563,-0.0007316045561356109,0.006100333303069311
