,rename_memory,retrieve_activity,retrieve_chat_messages,retrieve_personal_priorities,retrieve_tasks_by_filters,search_clickup_help_center
data_flow_direction=bidirectional,-0.001271358908567086,-0.020730850902270233,-0.0032181128672525918,0.047065682904914696,0.04832754689263078,-0.004199751936930961
data_flow_direction=inbound,-0.000273240873552448,-0.01310351700510274,-0.002318036298604866,-0.008782507236009533,-0.006308042694432296,-0.002070220591957645
data_flow_direction=outbound,-0.0017530418913869422,-0.14693341083899011,0.008384159826405262,-0.09400754994824127,-0.30383472070581447,0.01776332144184055
data_flow_direction=processing,0.0024329824529682738,0.15786466277707722,-0.0062323647850040685,0.07005458106713763,0.27700094712661816,-0.01615578644332481
data_flow_direction=unknown,-0.00019254476251363394,-0.006128542583901121,-0.0015750973684671417,-0.003961955584147487,-0.01065063655027509,0.012211083516866252
