,autonomy_level=autonomous,autonomy_level=consultative,autonomy_level=human_in_the_loop,autonomy_level=unknown
list_available_calendars,0.002812731121431597,-0.0037868960278037793,0.00128118972443688,-0.00033718819493127147
load_assets,0.05658753426256175,-0.13518625129873318,0.10380919506071196,-0.006853867587932708
load_custom_fields,0.06544023385722257,-0.12986468482685548,0.0854254071912142,-0.010474943952951048
load_web_pages,0.03185382075669157,-0.02670079330246371,-0.006852806226835864,-0.004097841346268494
manage_personal_priorities,0.03352902076092736,-0.03803620093331151,0.005816664699005551,-0.00362191290112901
move_task_to_list,-0.003349837406689198,-0.017967360720352592,0.028652588649691255,-0.0026321520046070075
