,data_flow_direction=bidirectional,data_flow_direction=inbound,data_flow_direction=outbound,data_flow_direction=processing,data_flow_direction=unknown
tone_and_persona=casual_friendly,-0.03553907928946036,-0.00460694512419796,0.1754396352260074,-0.15279994688039072,-0.021442540824436505
tone_and_persona=empathetic_supportive,-0.012337920464735223,-0.017225413316522283,0.10178970276193161,-0.0917552333855968,-0.005888530288211037
tone_and_persona=professional_formal,0.04633392576620243,0.011200541497625982,-0.22757603750291966,0.2002548071313945,-0.005987323706346276
tone_and_persona=technical_precise,-0.011151183104179493,0.0030176009324807073,0.001018681346479836,0.004647427739588908,-0.003356710002661934
tone_and_persona=unknown,0.00038701294424350305,0.00932201565631733,0.0009324875928990603,-0.012944981851469358,0.13089502644395132
