trigger_source,dormant,failure,success,success_rate
\N,13055,1149,1659,0.10458299186786203
assignment,582,80,566,0.4609120521168885
automation,2173,973,4760,0.6020743738931694
dm,26186,1326,7474,0.21362830846623757
introduction,23268,521,219,0.009121959346883991
manual,27,34,44,0.4190476190436281
mention,240,44,222,0.4387351778647456
scheduled,642,1766,20741,0.8959782280011709
task_comment_mention,918,150,1027,0.4902147971358042
unknown,3449,568,0,0.0
