,state_persistence=state_accumulating,state_persistence=state_referencing,state_persistence=stateless,state_persistence=unknown
list_available_calendars,-0.0014297054124605146,0.0028929101918812035,-0.0003443808836060213,-0.0006001446576481359
load_assets,0.10344623669910112,-0.030673071742249192,-0.0024231452787317562,-0.06575292191749965
load_custom_fields,-0.012407018143862187,-0.02680470879485412,0.005651779803936014,0.02641424620048906
load_web_pages,0.044628210819443966,0.01368923715206637,0.0030791983857632625,-0.04602537059724928
manage_personal_priorities,-0.01311727606456078,0.002100301543174634,-0.003071647891397226,0.009965103415555246
move_task_to_list,-0.004776682421880883,-0.0009239733775298396,-0.002967890269147532,0.004969074558380345
