,team_orientation=individual,team_orientation=larger_team,team_orientation=small_team,team_orientation=unknown
post_chat_message,-0.17574663503433074,0.185547917548582,0.09536295535212881,-0.01385742991860315
post_reply,0.0883357406223039,-0.0699661780521855,-0.06469223899312146,0.003603897037185183
post_slack_message,-0.0820164280405989,0.10834540881069628,0.025642278284578338,-0.002679046616622243
post_task_comment,-0.06664710018998712,0.06519182193365025,0.04111036301252716,-0.007153450044801613
read_memory,-0.07087038594684736,0.05166992084851087,0.048641513622016345,0.011715850991624897
reflect,-0.003655945297952553,-0.0010753529073620912,0.006033586583863494,-0.0006536034966396453
