,functional_archetype=analyzer,functional_archetype=communicator,functional_archetype=creator,functional_archetype=enforcer,functional_archetype=monitor,functional_archetype=organizer,functional_archetype=unknown
operational_scope=branching_workflow,-0.0457919867974106,0.04952219962142021,-0.06760347549607022,0.044271248181226526,0.08872060174246657,0.0002531376929574737,-0.04097930773612492
operational_scope=multi_workflow_orchestration,-0.031790727360049564,-0.003639485307013704,-0.15170380116550014,0.016371320843067434,0.01596893001855445,0.16990237338083897,-0.010307793468585968
operational_scope=sequential_workflow,0.07273591651145087,-0.054558206884360555,0.16361318436064284,-0.05583654980216378,-0.10075890546598328,-0.10226773661833198,-0.020665986874222005
operational_scope=single_action,-0.020345377687915063,0.028740536959236816,0.04770296006238188,-0.011938383657252884,-0.02294728340324023,-0.02915805565315288,0.005989071611018635
operational_scope=unknown,-0.0032261177796101114,-0.00611054908340107,-0.01483355734468734,-0.004531186019658492,-0.01516254690048778,-0.020416457815765596,0.7613961070852874
