,create_document_page,create_google_calendar_event,create_list,create_subtask,create_task,delete_memory
implied_end_date=false,-0.002035272215099543,-0.015685129747070176,-0.018944460451849634,-0.023412953869589602,-0.034105308960606776,0.0012823665425182882
implied_end_date=true,0.0024281649340374654,0.016413452564424256,0.019879173692794162,0.024654076848766554,0.0360533305600287,-0.0012153870247666539
implied_end_date=unknown,-0.0016858352405064658,-0.001980997867229892,-0.0026562281083004806,-0.003694253225595487,-0.006052194433305219,-0.0004438868496192416
