,create_document_page,create_google_calendar_event,create_list,create_subtask,create_task,delete_memory
create_document_page,1.0,-0.005984011276015563,0.005454829996138005,-0.007507894218598182,-0.00843639304935505,-0.0013844706120868019
create_google_calendar_event,-0.005984011276015563,1.0,-0.001289387945164608,-0.003195916517010294,0.012198705426790921,-3.3670147803747853e-06
create_list,0.005454829996138005,-0.001289387945164608,1.0,0.014984018292520628,0.11181102752158291,-0.0007251232885899907
create_subtask,-0.007507894218598182,-0.003195916517010294,0.014984018292520628,1.0,0.06502366192403373,-0.0002027843059747549
create_task,-0.00843639304935505,0.012198705426790921,0.11181102752158291,0.06502366192403373,1.0,-0.000412218511873156
delete_memory,-0.0013844706120868019,-3.3670147803747853e-06,-0.0007251232885899907,-0.0002027843059747549,-0.000412218511873156,1.0
