,domain_knowledge_depth=deep,domain_knowledge_depth=light,domain_knowledge_depth=moderate,domain_knowledge_depth=none,domain_knowledge_depth=unknown
post_chat_message,-0.032419782232031784,0.10238567774163286,-0.14943802949940105,0.1210567381915537,-0.004048050241766448
post_reply,-0.0025484009823833766,-0.17297340506252937,0.21658228270040009,-0.08911943657737835,-0.0011510942493458847
post_slack_message,-0.006973611117266519,0.036729824420972314,-0.03585478802618936,0.008281324727055818,-0.0005969826319271625
post_task_comment,0.02406607012844516,0.07088092642060884,-0.07897090802002228,-0.0015044740954513478,-0.0026318537249990373
read_memory,0.01410155433272698,0.06656844937704154,-0.07760559297513539,0.011988987796959949,0.006242350600594149
reflect,-0.002346277101230004,0.002558477191972621,-0.003513767367981251,0.004056536408520458,-0.00011759920174143207
