,use_case_context=entertainment,use_case_context=general_productivity,use_case_context=personal_productivity,use_case_context=personal_use_case,use_case_context=specific_use_case,use_case_context=test_or_placeholder,use_case_context=unknown
add_agent_schedule,-0.003892094716182767,0.014506398318894942,0.01829606231315652,-0.009847773054131932,-0.014757775514342477,-8.745254781954373e-05,-0.000958504345792636
add_task_to_list,-0.0024294560727072976,0.01877778705176115,-0.0014687758399864088,-0.012977379279598716,-0.008543271401092432,-0.0007984403051741269,-0.0004735388366760653
check_calendar_availability,-0.002303312641926607,0.013023495035577492,0.011231052424613135,-0.0005523604773982136,-0.01688572771674257,-0.0007569832891367685,-0.0004489515168486741
complete_execution,-0.0008956057529037089,0.004041146115364227,-0.0029939111120844105,-0.005323504978685007,0.0011065889099509088,-0.000294340671024054,-0.00017456751373891012
create_custom_field,-0.0030614612939026,-0.011407864115006666,-0.00313391696840969,-0.006074392688350431,0.017218152750598743,-0.0008009364695293768,-0.0005967265001947162
create_document,-0.007992817293555637,-0.050219521990030484,-0.018776445129023173,0.03244559937078345,0.036348803073705124,-0.002792712885134658,-0.002457569037320617
