,operational_scope=branching_workflow,operational_scope=multi_workflow_orchestration,operational_scope=sequential_workflow,operational_scope=single_action,operational_scope=unknown
external_integration_scope=calendar_integration,0.010731039433078559,0.049704358805717844,-0.04130989180437439,-0.009769663691022439,-0.004683870904744678
external_integration_scope=clickup_only,0.061131297615502025,-0.12735493918716492,0.018758876894891773,0.023733562380113912,-0.07431283539299983
external_integration_scope=email_integration,0.0062512172785926905,0.05184572556293122,-0.03803799443188335,-0.00726608062680779,-0.006706582095906489
external_integration_scope=multiple_external_systems,-0.056260777475566584,0.1697968364644227,-0.04530795904280371,-0.011291158254377806,-0.007103242963888079
external_integration_scope=unknown,-0.039700280206388106,0.0111667948465402,-0.0011611465824744132,0.014829729992755022,0.37368840500355105
external_integration_scope=web_research_integration,-0.043975295114106104,0.015261021010012674,0.04177615342449904,-0.020705709459430812,-0.012878339077104176
