,team_orientation=individual,team_orientation=larger_team,team_orientation=small_team,team_orientation=unknown
output_modality=email_external_message,-0.04260549243411948,0.029963684314514242,0.03655221442706403,-0.006866645942889048
output_modality=messages,-0.056393203738626226,0.07471281571724954,0.04341785016887492,-0.05785389172301224
output_modality=structured_document,0.0198274571366858,-0.029660535359963852,-0.013352396376755902,0.021968334062303408
output_modality=task_artifact,0.035222292212806705,-0.037648856007411635,-0.00607490947717543,-0.02457159235065961
output_modality=unknown,-0.0884349237858793,-0.0028425890353510164,-0.0007436492127384029,0.2614240462931776
output_modality=visual_image,0.06802026686233477,-0.04580318837988492,-0.055787752505448054,0.0019687997030365155
