,functional_archetype=analyzer,functional_archetype=communicator,functional_archetype=creator,functional_archetype=enforcer,functional_archetype=monitor,functional_archetype=organizer,functional_archetype=unknown
tone_and_persona=casual_friendly,-0.11779539289308126,0.009770122226620884,0.196581191111295,-0.06762586028961098,-0.060037205249332544,-0.06200718492834625,-0.018322427478177052
tone_and_persona=empathetic_supportive,-0.031066992140766116,0.013750332592703961,0.11789364041870663,-0.04313146289414583,-0.06075388638702074,-0.04886870658663406,-0.005968684647139059
tone_and_persona=professional_formal,0.08090362290550888,0.008676269100888376,-0.24268135523067993,0.06611291706955714,0.1188781891423632,0.08684665998733365,-0.0036489602022199206
tone_and_persona=technical_precise,0.10082056047150272,-0.046056768345646364,-0.028212509707643874,0.046309983852940724,-0.04191590410874742,-0.005008161211706351,-0.0022478602692530985
tone_and_persona=unknown,-0.009051246583126806,-0.013406874758453603,0.0011572011214399907,0.002152602955098435,-0.01764193200870415,0.015877979582412972,0.10684026081907239
