,template_is_custom,template_is_templated,template=custom,template=unknown
autonomy_level=autonomous,-0.005238755519681082,,-0.005238755519681082,0.005238755519681101
autonomy_level=consultative,-0.0015972180983104959,,-0.0015972180983104959,0.0015972180983104274
autonomy_level=human_in_the_loop,0.014130546553182908,,0.014130546553182908,-0.014130546553182882
autonomy_level=unknown,-0.03331757111663964,,-0.03331757111663964,0.033317571116639765
