,tone_and_persona=casual_friendly,tone_and_persona=empathetic_supportive,tone_and_persona=professional_formal,tone_and_persona=technical_precise,tone_and_persona=unknown
edit_image,0.0860583194240816,-0.030929355886334046,-0.052765328537505006,-0.014157105200859159,-0.006104087128960531
find_similar_assets,-0.008805395290878726,-0.0038434613081259404,0.009828425647348009,0.0025479998579920433,-0.0020969789141526535
find_stale_tasks,-0.02496194903086238,-0.011512970015011554,0.040055210742329914,-0.014726062864979326,-0.00931701142536258
follow_up_cursor_agent,-0.004532238199367287,-0.002274054530137596,-0.0013796527978157207,-0.0017677057239015226,0.03301382597848093
generate_image,0.08064919064026194,0.004089355514084327,-0.06997030457892112,-0.013757571654116686,-0.00431387956052314
generate_project_summary,-0.045226135035448346,-0.029534850920082553,0.06652857150623587,-0.008545587180328313,-0.007232430716243553
