,trigger=\N,trigger=assignment,trigger=automation,trigger=dm,trigger=introduction,trigger=manual,trigger=mention,trigger=scheduled,trigger=task_comment_mention,trigger=unknown
template_is_custom,0.07690656498328984,0.020049415343439993,0.052197234116707326,0.12729889561037508,0.0989935620697581,0.005612643975793596,0.012738340875361003,0.09655783854541836,0.02621951996047309,-1.0
template_is_templated,,,,,,,,,,
template=custom,0.07690656498328984,0.020049415343439993,0.052197234116707326,0.12729889561037508,0.0989935620697581,0.005612643975793596,0.012738340875361003,0.09655783854541836,0.02621951996047309,-1.0
template=unknown,-0.0769065649832897,-0.020049415343440083,-0.052197234116707195,-0.12729889561037486,-0.09899356206975757,-0.005612643975793578,-0.012738340875360986,-0.09655783854541805,-0.026219519960473062,1.0
