,autonomy_level=autonomous,autonomy_level=consultative,autonomy_level=human_in_the_loop,autonomy_level=unknown
external_integration_scope=calendar_integration,-0.008398623396621988,0.0005040641912125793,0.011661153668516454,-0.007016564832841165
external_integration_scope=clickup_only,0.03689864084014525,-0.02339131800197557,-0.009729761644746992,-0.059416444927286864
external_integration_scope=email_integration,0.006409661956415382,-0.03717585296958885,0.04188092564311551,-0.00886510337696149
external_integration_scope=multiple_external_systems,-0.047312063683166074,0.02651957353900431,0.02957946930341336,-0.007459153624254347
external_integration_scope=unknown,0.015555027141169386,-0.044267380458326046,-0.011441823752128523,0.3282281748419717
external_integration_scope=web_research_integration,-0.025820620025119662,0.04928940361523949,-0.028225386131123763,-0.015259829226554228
