,team_orientation=individual,team_orientation=larger_team,team_orientation=small_team,team_orientation=unknown
add_agent_schedule,-0.029722487096744694,0.02715071688036138,0.02042097095969051,-0.004431434065302617
add_task_to_list,0.0029852036888591738,-0.0031329724390564695,-0.0003980387530518925,-0.002432853999780403
check_calendar_availability,0.0008149290369894531,5.561036917908282e-05,-0.0004778631866926472,-0.0014129689531200717
complete_execution,-0.0004260140286909058,-0.0016272467290976787,0.0022983604080401092,-0.0009702271417650569
create_custom_field,0.0024376804631348037,-0.0033476982352703254,0.0006116066367168102,-0.0026684863527293356
create_document,0.004509956679966645,-0.007277801297198248,0.000649977831460599,-0.002058177280170168
