,add_agent_schedule,add_task_to_list,check_calendar_availability,complete_execution,create_custom_field,create_document
add_agent_schedule,1.0,0.001715495299106739,0.01085942742667088,4.4254740133128905e-05,-0.0007834431085604732,-0.006717726422123467
add_task_to_list,0.001715495299106739,1.0,-0.0009743270495770705,0.0005039121034397149,0.0015779315505418683,-0.005786853153955957
check_calendar_availability,0.01085942742667088,-0.0009743270495770705,1.0,-0.00046959062227070115,-0.00127425433725699,-0.004974818930207722
complete_execution,4.4254740133128905e-05,0.0005039121034397149,-0.00046959062227070115,1.0,-0.000624108592932421,0.005235116670124616
create_custom_field,-0.0007834431085604732,0.0015779315505418683,-0.00127425433725699,-0.000624108592932421,1.0,-0.0018212414330782732
create_document,-0.006717726422123467,-0.005786853153955957,-0.004974818930207722,0.005235116670124616,-0.0018212414330782732,1.0
