,search_clickup_support_resources,search_google_calendar,search_public_web,search_users_and_teams,search_workspace,todo_write
state_persistence=state_accumulating,0.014523822844125817,-0.00352508494001725,0.05932603734375906,-0.0037365614176059006,0.16425848646650182,0.09714015025585407
state_persistence=state_referencing,0.0008207817679646154,0.009601207150986895,0.020954086208846107,-0.0011418589201884928,-0.001129962545387156,-0.027056384652793947
state_persistence=stateless,-0.0020099223472354035,-0.004732993304262362,-0.0003011838905199494,0.0014963676586050023,-0.009992801102373676,-0.013308764071515385
state_persistence=unknown,-0.012235794111686942,-0.0024756892222768546,-0.06228711322589121,0.0035943583518411306,-0.13364761156645996,-0.06123819711516278
