,create_document_page,create_google_calendar_event,create_list,create_subtask,create_task,delete_memory
state_persistence=state_accumulating,0.1902533134002646,-0.008912927068355591,-0.00017824731510762102,-0.009599869308764313,0.0038231022668568427,0.0022755945825005293
state_persistence=state_referencing,-0.021759169286682988,0.006921949408687088,-0.0036967155184496384,-0.008864627203513678,-0.0011863319679707833,-0.0002142270713631405
state_persistence=stateless,-0.003517218994410293,-0.002901222819197164,-0.0015369427166173938,-0.005952438835383701,-0.0034791880367042675,-0.0006500838181404357
state_persistence=unknown,-0.14302036513663105,0.0034090365083347314,0.0027140283720100363,0.014424228125990923,-0.0019010781292280884,-0.001650916749227169
