,create_document_page,create_google_calendar_event,create_list,create_subtask,create_task,delete_memory
autonomy_level=autonomous,0.022041594325235052,0.002323619751815616,-0.021238006790123443,-0.01753492531503892,-0.0003051749278624475,-0.0001858473560482465
autonomy_level=consultative,-0.020655133504249388,-0.0035207437343251235,0.004132431333086488,-0.029208086886926287,-0.026725639057276464,0.0010745629110268668
autonomy_level=human_in_the_loop,-0.0015030831116062677,0.0017142580266758336,0.022975538929832895,0.06223015901206659,0.03640707964401853,-0.0010762570380599243
autonomy_level=unknown,-0.005221806432227021,-0.001194446795459105,0.000531582038818541,-0.0003845314271209078,-0.004376502298954283,-0.0006365062627679911
