,post_chat_message,post_reply,post_slack_message,post_task_comment,read_memory,reflect
edit_image,0.004952797687943631,0.04517806215983369,-0.005984070226813575,-0.0244912651606123,-0.03963574859653908,-0.001178797915051898
find_similar_assets,-0.0013444759705534435,-0.019762699406583876,-0.0007947658835367931,0.009368811706751053,0.008515345436771364,0.028129032439313344
find_stale_tasks,0.15641822199173178,-0.12576706764303405,0.017363027027840164,0.08975897083286975,0.1091413424235068,-0.0011052294615925447
follow_up_cursor_agent,-0.003559548951522157,-0.011082070550409606,-0.00030399113570574795,0.023728243033795917,-0.0026324140052839625,-5.9883006612873087e-05
generate_image,0.0011700349052370692,0.05151170310296978,-0.008219149118474758,-0.026916479801031422,-0.024682979020885048,-0.00164827692691627
generate_project_summary,0.10221015832104971,-0.10685864524749354,0.0058638868630721975,0.007384017993538015,0.10248185949849667,-0.001179232522446213
