,post_chat_message,post_reply,post_slack_message,post_task_comment,read_memory,reflect
list_available_calendars,0.004225701205653684,-0.001986870417424799,-0.0002810116538454349,-0.0010019213917002027,0.0012566628451614055,-5.535629414474227e-05
load_assets,0.004787748238703214,-0.25120467180747486,0.012568055357940446,0.24384889560210757,0.1257762883188787,0.0024795499182191146
load_custom_fields,-0.0142814357298535,-0.19607393853719424,0.00721691486426531,0.15493438733124631,0.05296262279651885,0.0008536778122126828
load_web_pages,0.02031290721926119,-0.035599333728865555,-0.0018892851312160381,0.006518186584509022,0.07184304108256667,-0.0006629597271953737
manage_personal_priorities,0.07087036735493889,-0.061919738550013294,-0.00031658714717689086,0.021254513746679977,0.052930252886622946,-0.000549331418395474
move_task_to_list,-0.0030691410143083423,-0.028918075870271266,-0.0021600494054432474,0.02685548631095669,0.009304939526290676,-0.000481369971850409
