,state_persistence=state_accumulating,state_persistence=state_referencing,state_persistence=stateless,state_persistence=unknown
tone_and_persona=casual_friendly,-0.05454458308068783,0.050672994806580864,0.003608596976845586,0.012472804168306676
tone_and_persona=empathetic_supportive,0.028930284792272932,0.0325722683781702,-0.00043038505102193535,-0.044494466967557406
tone_and_persona=professional_formal,0.010721964466460789,-0.05871793618248977,-0.00472289089874674,0.029023395509553702
tone_and_persona=technical_precise,0.039577275715421696,-0.01592090940855587,-0.002801767290386546,-0.022230432361164128
tone_and_persona=unknown,0.010618796296206464,-0.0032539240257099325,0.012613589687425202,-0.008563328724408289
