,autonomy_level=autonomous,autonomy_level=consultative,autonomy_level=human_in_the_loop,autonomy_level=unknown
update_chat_message,0.003842591412977392,-0.0035183301494063498,-0.00041890490711346616,-0.0005914615804089168
update_comment,0.012603362474100863,-0.018983149486766354,0.008358351974304375,-0.0011982694915780153
update_document,0.017521996960754595,-0.032888905668961875,0.018890862788588772,0.007170470071754574
update_google_calendar_event,-0.0075795346494264585,-0.0011488092234085375,0.01178194788445147,-0.0005643022879492865
update_task,0.027528225429665164,-0.0885752440136774,0.0811662225915202,-0.006678299483469493
view_tools_catalog,0.019345804670479205,-0.03204632352870902,0.016085306333735942,0.002103799556757442
