,tone_and_persona=casual_friendly,tone_and_persona=empathetic_supportive,tone_and_persona=professional_formal,tone_and_persona=technical_precise,tone_and_persona=unknown
post_chat_message,-0.019423637137527327,0.012004580931894113,0.02770618217130141,-0.029646087668819435,-0.008790716236307804
post_reply,0.09629705327402759,0.03968921908331845,-0.10382875063067042,-0.01190839723131071,-0.019694204743010497
post_slack_message,-0.0065452651902995,-0.013355438267529787,0.013335450044879812,0.0024194476006902123,-0.0007577697498581851
post_task_comment,-0.0693493116235689,-0.03363010210651624,0.08130755233818263,0.008505282389424147,6.57672936529241e-05
read_memory,-0.05531849063467663,0.013062628867475374,0.031247414596537557,0.0074349062635413144,0.03614749619841428
reflect,-0.005861137283362848,-0.0031467523879547834,0.004612126929503041,-0.0019359831898663976,0.015783912006970286
