,autonomy_level=autonomous,autonomy_level=consultative,autonomy_level=human_in_the_loop,autonomy_level=unknown
state_persistence=state_accumulating,-0.008525339387893675,-0.035217006552830284,0.05989651641339913,-0.01254396308957859
state_persistence=state_referencing,-0.06581304807108984,0.0708933738804266,-0.004371450670585388,-0.006695037686323535
state_persistence=stateless,0.01727935434358435,-0.0036889867440602383,-0.017855845418982382,-0.003140094179992149
state_persistence=unknown,0.04621700368001614,-0.015252106817946356,-0.04414815638817835,0.015073041638563827
