,use_case_context=entertainment,use_case_context=general_productivity,use_case_context=personal_productivity,use_case_context=personal_use_case,use_case_context=specific_use_case,use_case_context=test_or_placeholder,use_case_context=unknown
use_case_context=entertainment,1.0,-0.05265069408099244,-0.014684946815853271,-0.026111459077851635,-0.05720857481407052,-0.0014437225882505743,-0.0008562427403687188
use_case_context=general_productivity,-0.05265069408099244,1.0,-0.17600545503082432,-0.3129571590654161,-0.6856695749790244,-0.017303641223201913,-0.010262440513080296
use_case_context=personal_productivity,-0.014684946815853271,-0.17600545503082432,1.0,-0.08728772368026862,-0.19124194690247498,-0.004826205153011515,-0.0028623249088342677
use_case_context=personal_use_case,-0.026111459077851635,-0.3129571590654161,-0.08728772368026862,1.0,-0.3400493262339768,-0.00858152637080963,-0.005089530160494496
use_case_context=specific_use_case,-0.05720857481407052,-0.6856695749790244,-0.19124194690247498,-0.3400493262339768,1.0,-0.018801587913553398,-0.011150842474448034
use_case_context=test_or_placeholder,-0.0014437225882505743,-0.017303641223201913,-0.004826205153011515,-0.00858152637080963,-0.018801587913553398,1.0,-0.0002814040239720284
use_case_context=unknown,-0.0008562427403687188,-0.010262440513080296,-0.0028623249088342677,-0.005089530160494496,-0.011150842474448034,-0.0002814040239720284,1.0
