,search_clickup_support_resources,search_google_calendar,search_public_web,search_users_and_teams,search_workspace,todo_write
write_memory,0.004678977293524623,0.03740906956224593,0.03597502349609325,0.019474719362655584,0.06446639145278653,0.10369804167105193
