,template_is_custom,template_is_templated,template=custom,template=unknown
use_case_context=entertainment,-0.011132117148041038,,-0.011132117148041038,0.011132117148041064
use_case_context=general_productivity,-0.002037358371471862,,-0.002037358371471862,0.002037358371471809
use_case_context=personal_productivity,0.006078800076745562,,0.006078800076745562,-0.006078800076745552
use_case_context=personal_use_case,0.005123281868456227,,0.005123281868456227,-0.005123281868456199
use_case_context=specific_use_case,-0.0015370484470992039,,-0.0015370484470992039,0.001537048447099126
use_case_context=test_or_placeholder,-0.01769974537843063,,-0.01769974537843063,0.017699745378430592
use_case_context=unknown,-0.012271908041580893,,-0.012271908041580893,0.01227190804158088
