,post_chat_message,post_reply,post_slack_message,post_task_comment,read_memory,reflect
team_orientation=individual,-0.17574663503433074,0.0883357406223039,-0.0820164280405989,-0.06664710018998712,-0.07087038594684736,-0.003655945297952553
team_orientation=larger_team,0.185547917548582,-0.0699661780521855,0.10834540881069628,0.06519182193365025,0.05166992084851087,-0.0010753529073620912
team_orientation=small_team,0.09536295535212881,-0.06469223899312146,0.025642278284578338,0.04111036301252716,0.048641513622016345,0.006033586583863494
team_orientation=unknown,-0.01385742991860315,0.003603897037185183,-0.002679046616622243,-0.007153450044801613,0.011715850991624897,-0.0006536034966396453
