,data_flow_direction=bidirectional,data_flow_direction=inbound,data_flow_direction=outbound,data_flow_direction=processing,data_flow_direction=unknown
autonomy_level=autonomous,-0.0382262417952542,0.006837117755902311,-0.15856938880550372,0.17844420768323457,-0.03551037914721186
autonomy_level=consultative,-0.01223429679671758,-0.011212134688778604,0.29665692684647776,-0.28289191751239046,-0.032295819088463726
autonomy_level=human_in_the_loop,0.0691577802755399,0.00490305030524462,-0.17822983444259335,0.14145118773487472,-0.017572820406817204
autonomy_level=unknown,-0.011004477306714708,0.004966186312521382,-0.007613627806291054,-0.0466334761885334,0.721842500911287
