,execution_dataset=collection_scoped,execution_dataset=collection_unbounded,execution_dataset=single_asset_from_user,execution_dataset=single_event_data,execution_dataset=single_user_prompt,execution_dataset=unknown
use_case_context=entertainment,-0.03536383535468356,-0.008907419597146879,-0.012328868247695256,-0.008275587727658117,0.057955895060695393,0.012879839239092363
use_case_context=general_productivity,0.042898899612449144,0.19803353410199723,-0.06251858136639665,0.028056183594853942,-0.1601743815579617,-0.02562400070267421
use_case_context=personal_productivity,0.011060604945970953,-0.007737776989062999,-0.0251951652225844,-0.05938813681758776,0.06978805106451223,0.005318414475489848
use_case_context=personal_use_case,-0.09647359682175533,-0.08520698305936662,0.1947776176158742,-0.08467939523385129,0.10649751979239043,-0.004283534952748379
use_case_context=specific_use_case,0.025060309366776366,-0.13138538483961168,-0.060291559934968396,0.057513301456708084,0.04665459440178833,0.01600646780607812
use_case_context=test_or_placeholder,-0.01304622818004907,-0.005834004359376248,-0.0009007581571442008,-0.0022700734624458703,0.005904472070407829,0.09252680991992307
use_case_context=unknown,-0.008264468715635688,-0.004263841193137377,-8.94991230382729e-07,-0.00743390378123078,-0.005945368136561413,0.1576039858632801
