,template_is_custom,template_is_templated,template=custom,template=unknown
update_chat_message,0.0020398457695090574,,0.0020398457695090574,-0.0020398457695091233
update_comment,0.007359382175089374,,0.007359382175089374,-0.0073593821750894215
update_document,0.025552493401955888,,0.025552493401955888,-0.02555249340195577
update_google_calendar_event,0.005553387988958977,,0.005553387988958977,-0.005553387988958982
update_task,0.04206429254314384,,0.04206429254314384,-0.04206429254314386
view_tools_catalog,0.05518056898502359,,0.05518056898502359,-0.055180568985023576
