,search_clickup_support_resources,search_google_calendar,search_public_web,search_users_and_teams,search_workspace,todo_write
team_orientation=individual,0.0031642337278712093,0.006873643826578776,0.0020878494362355066,-0.13295196801604767,-0.023901330436842793,-0.09335434252057322
team_orientation=larger_team,-0.00134503178617532,-0.0018884848724526919,-0.008296000945139752,0.13009496012095828,0.014448764156944608,0.07806732017488992
team_orientation=small_team,-0.003211692127781393,-0.005143475116167031,0.0013347082738747727,0.07668308242641013,0.02074829119103315,0.071028379831074
team_orientation=unknown,8.882906683420604e-05,-0.005516311277530744,0.005175851413219561,-0.0028542012180877217,-0.0003707078977541304,-0.016551418841275777
