,functional_archetype=analyzer,functional_archetype=communicator,functional_archetype=creator,functional_archetype=enforcer,functional_archetype=monitor,functional_archetype=organizer,functional_archetype=unknown
autonomy_level=autonomous,0.06352094946686619,0.030116759937861896,-0.17340251536133489,0.032712333380188585,0.27997939836608066,-0.09175073210825323,-0.02820088092156617
autonomy_level=consultative,-0.018006952724555554,-0.030358520492570696,0.28955055147136743,-0.09578978971869172,-0.22318955577365707,-0.07845688622179162,-0.025662460436881383
autonomy_level=human_in_the_loop,-0.060570169150559204,2.4734257242632185e-05,-0.15024425698377283,0.0831541165711506,-0.07800243006829363,0.23029805269457507,-0.014345880638976493
autonomy_level=unknown,-0.006133179092055732,-0.0021444142665548987,0.001285326432422842,-0.002725538744134642,-0.018866698783390715,-0.02229936992932766,0.5759946020299822
