,tone_and_persona=casual_friendly,tone_and_persona=empathetic_supportive,tone_and_persona=professional_formal,tone_and_persona=technical_precise,tone_and_persona=unknown
tone_and_persona=casual_friendly,1.0,-0.23816157843972643,-0.6746260214321306,-0.18513170191915562,-0.08369739993748027
tone_and_persona=empathetic_supportive,-0.23816157843972643,1.0,-0.33849420368078376,-0.09288999538464549,-0.041995244538369565
tone_and_persona=professional_formal,-0.6746260214321306,-0.33849420368078376,1.0,-0.263123919600034,-0.11895741087876166
tone_and_persona=technical_precise,-0.18513170191915562,-0.09288999538464549,-0.263123919600034,1.0,-0.03264443889242637
tone_and_persona=unknown,-0.08369739993748027,-0.041995244538369565,-0.11895741087876166,-0.03264443889242637,1.0
