,list_available_calendars,load_assets,load_custom_fields,load_web_pages,manage_personal_priorities,move_task_to_list
tone_and_persona=casual_friendly,-0.00241782159585888,-0.12063312654745716,-0.08437495292937365,-0.02505023265002722,-0.0004458499635982945,-0.009136856606364575
tone_and_persona=empathetic_supportive,-0.0012324716530566142,-0.05962543163237804,-0.06128474166282916,-0.020656026160647555,0.02322370126349226,-0.007115013546386782
tone_and_persona=professional_formal,0.001655808123624761,0.11693944222766191,0.08364938312794862,0.018909933976605692,-0.005419321030771263,0.010165996315659306
tone_and_persona=technical_precise,-0.0016340802432689293,0.055890854757189176,0.057068625340153396,0.03605830963166555,-0.014935203376286491,0.004402539178778777
tone_and_persona=unknown,0.009121258835832636,0.01926895951687955,0.0185912194594325,-0.0034083872138776384,-0.0042663932925282415,0.0023429571324773304
