,output_modality=email_external_message,output_modality=messages,output_modality=structured_document,output_modality=task_artifact,output_modality=unknown,output_modality=visual_image
execution_dataset=collection_scoped,0.04387573391811086,0.17313311401288678,-0.0541279754886843,0.017451374385870418,-0.042051465807075084,-0.2185504557575158
execution_dataset=collection_unbounded,0.026957684295660173,0.16726169838067437,-0.0343973068329011,-0.08403879700283871,-0.0076645784932869885,-0.12195034314800043
execution_dataset=single_asset_from_user,-0.02812280276003652,-0.06375884315384918,0.07167053166167262,-0.03962840485368428,-0.01798293255353386,0.07890152278568656
execution_dataset=single_event_data,-0.014188596381270754,-0.04292382835576668,-0.05556756951068985,0.1586388013362453,-0.044351640051969364,-0.036631488667826874
execution_dataset=single_user_prompt,-0.029804865920975403,-0.20045454887967287,0.0851472203110155,-0.0872084258961587,0.05480981347214214,0.2952345983753858
execution_dataset=unknown,-0.0032839621129568393,-0.0459407208239834,-0.002378226039954812,-0.02087963807474058,0.3241246112839528,-0.016810706019558523
