,use_case_context=entertainment,use_case_context=general_productivity,use_case_context=personal_productivity,use_case_context=personal_use_case,use_case_context=specific_use_case,use_case_context=test_or_placeholder,use_case_context=unknown
domain_knowledge_depth=deep,-0.01298076613450268,-0.19283837802382778,-0.056635822651741226,0.005289789437609684,0.21251585278934773,-0.0062468836589758955,-0.0037049006689072596
domain_knowledge_depth=light,-0.0163554497731138,0.37662304519504164,-0.02337965519677633,-0.15783178795155547,-0.24937643420526806,-0.00796103245567058,-0.004960791740689425
domain_knowledge_depth=moderate,0.008673010253396484,-0.4391640440547125,0.022732526855809964,0.20882218119342352,0.27850476913447336,-0.016630530541315816,-0.007294318997090382
domain_knowledge_depth=none,0.023825571214295158,0.3209008617553458,0.05123022422795657,-0.1081229295802341,-0.26847309036018896,0.03792085224475869,0.012433641688919535
domain_knowledge_depth=unknown,-0.0008562427403687321,-0.01026244051308033,-0.002862324908834283,0.006873007205884094,-0.009776217345293665,0.21832536466091776,0.26303491943731083
