,external_integration_scope=calendar_integration,external_integration_scope=clickup_only,external_integration_scope=email_integration,external_integration_scope=multiple_external_systems,external_integration_scope=unknown,external_integration_scope=web_research_integration
team_orientation=individual,0.005718849330957423,0.03206912549613433,-0.043763341208442455,-0.004944415460415596,-0.1445019901670574,0.027683764243586
team_orientation=larger_team,-0.0018620400871011689,-0.008377304573662628,0.03099204755505812,-0.0019071978740758306,0.0655530257408855,-0.02455268551323437
team_orientation=small_team,-0.0020967557054539705,-0.015518678742008195,0.0383320611547716,0.010625913877837678,0.034816923112800206,-0.016228796110635185
team_orientation=unknown,-0.008805924198697943,-0.04476727651764933,-0.009113667060696202,-0.0054367404197330545,0.23030365290901322,-0.0031445336517253275
