,use_case_context=entertainment,use_case_context=general_productivity,use_case_context=personal_productivity,use_case_context=personal_use_case,use_case_context=specific_use_case,use_case_context=test_or_placeholder,use_case_context=unknown
team_orientation=individual,-0.0012219213237438292,-0.02733651848199349,0.03806499798508423,0.0635352695035905,-0.029895703288636357,-0.03839026642708423,-0.053334308836361526
team_orientation=larger_team,0.002825884880943237,0.05654345236587882,-0.02554523311838245,-0.0457104131716363,-0.013469947070310174,-0.002680086053828095,-0.0015895049684957192
team_orientation=small_team,-0.007881366115540727,0.00914116189031965,-0.026372538924266782,-0.048878029807501576,0.03710029543371862,-0.000824598856763991,-0.0020410760116581837
team_orientation=unknown,0.015735723264845958,-0.03684247219763899,-0.009504844863634286,-0.00016691643771030919,0.028998590534946307,0.11702258420216641,0.16088732816006443
