,edit_image,find_similar_assets,find_stale_tasks,follow_up_cursor_agent,generate_image,generate_project_summary
implied_end_date=false,0.014201980303171314,0.0033801557537135674,0.01548711827229947,0.0012882014700244474,-0.0002559513526629853,-0.01644317966642626
implied_end_date=true,-0.014281491649930936,-0.0033085606852776275,-0.014804336638943875,-0.0012609160787214306,-8.210088588556146e-05,0.01718328215041302
implied_end_date=unknown,-0.000983297553544237,-0.0006674695690905601,-0.004756863203796454,-0.0002543774141633873,0.0016432993235005154,-0.0019645964066499475
