,search_clickup_support_resources,search_google_calendar,search_public_web,search_users_and_teams,search_workspace,todo_write
implied_end_date=false,0.003929732932183509,0.010205768500497073,0.00874805816673925,0.010237942989434621,-0.01714511733933745,0.011529806110784723
implied_end_date=true,-0.0037219428361916864,-0.00949846572723321,-0.008907535761252746,-0.00946928455694603,0.0187896116776037,-0.008084698757271535
implied_end_date=unknown,-0.001372404717357414,-0.004367033001134037,-7.656922352196894e-05,-0.004663916306452937,-0.0062277345915585465,-0.017603799602455807
