,trigger=\N,trigger=assignment,trigger=automation,trigger=dm,trigger=introduction,trigger=manual,trigger=mention,trigger=scheduled,trigger=task_comment_mention,trigger=unknown
implied_end_date=false,-0.013740856862736277,0.00015801135220053997,0.02271210790545449,-0.010795875144107741,0.002354496088393681,0.001346583158647622,0.005381744530653515,0.00750973788297606,0.01398870487552255,-0.012533220194827966
implied_end_date=true,0.014247460180019024,-0.00023778652533339764,-0.021522412700714148,0.012169197405090069,-0.005098280353208051,-0.0011282495336282824,-0.005664329215364623,-0.006177648765160381,-0.013163674982181324,0.009179092320295724
implied_end_date=unknown,-0.0011060619631535142,0.00036681624203834076,-0.00787807177266212,-0.005539076335604931,0.012912095381510027,-0.001174792791541411,0.0008362290937018792,-0.007099796462772182,-0.005294084530265497,0.017264529642098483
