,domain_industry_vertical=creative_design,domain_industry_vertical=education_academic,domain_industry_vertical=finance_accounting,domain_industry_vertical=general_cross_functional,domain_industry_vertical=hr_people,domain_industry_vertical=it_engineering,domain_industry_vertical=legal_compliance,domain_industry_vertical=marketing_content,domain_industry_vertical=personal_productivity,domain_industry_vertical=project_management_ops,domain_industry_vertical=sales_crm,domain_industry_vertical=unknown
list_available_calendars,-0.002482064419755518,-0.002130315269417077,-0.0011288631589931191,-0.0016734931510433036,0.007908272803624295,-0.0012203582796430662,-0.0009229915838835184,-0.002390222805043532,0.005558274490132583,0.0027602799514667123,-0.0011864052032898747,-0.00010195982357945251
load_assets,-0.1541061962719186,-0.07551136306034356,0.04018508187350091,-0.010248057913703378,0.024811382563348465,0.015505097454796885,0.034498822337446736,0.02198509605640223,-0.03229520310712706,0.10930124265666635,0.047890194774218235,-0.004285482073812146
load_custom_fields,-0.09560092598691182,-0.07859283146270099,0.06886474235053615,-0.02468885720532449,0.03201325886676581,-0.007738041071758663,0.016329377226798104,-0.03391792277586174,-0.02868032852075234,0.09237460909143476,0.10911628063461139,-0.0017655167897894937
load_web_pages,-0.042771129068181916,-0.011668068217870324,0.0007944296368198916,0.07452527767121755,0.009839641971444648,0.008409010943277501,0.016070024344061,0.08483122508955754,-0.024568502762784914,-0.0787919380730207,0.042086434228453276,0.0005676485545856241
manage_personal_priorities,-0.027919877498356664,-0.019991222448154322,-0.009418556357849618,-0.01693116904630202,-0.006158492468635997,-0.012968574348445004,-0.009342489387465196,-0.023490817243129902,0.09825231092892821,0.03303880474801723,-0.010985449571795744,-0.0011469105158732071
move_task_to_list,-0.02020553799808739,-0.015458811124515857,-0.002978718203597219,-0.008649836460242,-0.0040224135106357965,-0.0012065362385694552,0.00129884405773858,-0.007163123452222387,0.010736142121762316,0.032718828441023806,-0.0010511440355124373,-0.00014429460851340286
