,execution_dataset=collection_scoped,execution_dataset=collection_unbounded,execution_dataset=single_asset_from_user,execution_dataset=single_event_data,execution_dataset=single_user_prompt,execution_dataset=unknown
state_persistence=state_accumulating,0.10922615761934801,0.026284333606802032,-0.05602656424223876,-0.03990822272304768,-0.05314884411800026,0.001964733816680419
state_persistence=state_referencing,-0.021793626567538908,-0.010245872386026792,-0.02681943897624735,-0.02312597271702747,0.07128205267962154,0.002901926115649462
state_persistence=stateless,-0.009495640946342185,-0.009804614886890975,0.022139931556220835,-0.0034358693547699567,0.00431690245960241,0.0006276563559451684
state_persistence=unknown,-0.07512358135475856,-0.01380998240079447,0.06008174748933353,0.048152920944451526,-0.0018410768190997018,-0.0035548122940690535
