,data_flow_direction=bidirectional,data_flow_direction=inbound,data_flow_direction=outbound,data_flow_direction=processing,data_flow_direction=unknown
domain_knowledge_depth=deep,0.02016188300903025,-0.01216453776630184,-0.04577936264193422,0.03573308988980953,0.006792649712644566
domain_knowledge_depth=light,0.06601807194021335,0.0503565887161232,-0.36233377886209,0.3191901840188997,-0.01140502077733124
domain_knowledge_depth=moderate,-0.06122546078723194,-0.04056593965504341,0.4513621394613862,-0.4091709930886246,-0.007972137703881187
domain_knowledge_depth=none,-0.020679250778552313,-0.0011678833998859683,-0.14505160356884533,0.15308319847203097,0.012248411983812272
domain_knowledge_depth=unknown,-0.0035725612292632613,-0.0007534621779049862,-0.01106441953439736,-0.012937975511948726,0.314337325082302
