,execution_dataset=collection_scoped,execution_dataset=collection_unbounded,execution_dataset=single_asset_from_user,execution_dataset=single_event_data,execution_dataset=single_user_prompt,execution_dataset=unknown
rename_memory,-0.0026313418741918653,0.000897036780055827,0.007542494946380275,-0.0007419340425289609,-0.0024039654189171415,-0.000323101794847444
retrieve_activity,0.2160445395561655,0.148698636083685,-0.0890833733176822,-0.11888893321917697,-0.14468294055131387,-0.010621581285278557
retrieve_chat_messages,0.013496841455928095,0.019439286054160905,0.016670985883229097,-0.022563984826391752,-0.01630940207796205,-0.002746891449084915
retrieve_personal_priorities,0.04238557161434382,0.21246872727604937,-0.05123470653857775,-0.07662270739287876,-0.07792944959928985,0.003366444648314063
retrieve_tasks_by_filters,0.3808582771293606,0.21270685830358724,-0.15631154771537806,-0.17527231546943114,-0.25727927163377884,-0.009699692822190393
search_clickup_help_center,0.019766550288238142,0.0055019531422976,-0.012158013400787043,-0.008013641077892215,-0.00922685038918704,0.008658402129400876
