,execution_dataset=collection_scoped,execution_dataset=collection_unbounded,execution_dataset=single_asset_from_user,execution_dataset=single_event_data,execution_dataset=single_user_prompt,execution_dataset=unknown
implied_end_date=false,-0.05107392956189412,0.05007975582801385,0.002992271390782396,0.05408002518142963,-0.029350431407294483,-0.047556331177616616
implied_end_date=true,0.05559017110050722,-0.04889774692644331,-0.004460986000014079,-0.051067267240802655,0.02643416650678901,0.018616141885542947
implied_end_date=unknown,-0.01672001326586678,-0.010469787845831895,0.006745345173211933,-0.019620282287561467,0.016783089238428483,0.14314364446810787
