,add_agent_schedule,add_task_to_list,check_calendar_availability,complete_execution,create_custom_field,create_document
generate_project_update,-0.0034913270439876666,-0.0030999439872246436,-0.0032757119045822482,-0.0013961698828319471,-0.003936244868670367,-0.004582226487799368
generate_stand_up,-0.003671827103183913,-0.0024415409282070827,0.00017285951081145076,-0.0012182029557922653,-0.0039446828041187435,-0.0027597787276418084
get_cursor_agent,-0.0004548455763632311,-0.00022471159994604488,-0.00021304401209711984,-8.283870777362883e-05,-0.00028316867847671387,-0.0011662069245060884
gmail_create_draft,0.007056146201391438,-0.0009705173039943568,0.006911358246321563,-0.0007333227378812298,-0.002047782168125884,-0.002918721880757516
gmail_fetch_drafts,0.008554628737337816,0.0006236336203572471,0.0019296793249419253,-0.0003703351084489808,-0.0012187398456529714,-0.004486790131406259
launch_cursor_agent,-0.0006122595769333083,-0.00030248030598654116,-0.0002867747725671853,-0.0001115077178076858,-0.00038116834436674896,-0.0015698104924397112
