,tone_and_persona=casual_friendly,tone_and_persona=empathetic_supportive,tone_and_persona=professional_formal,tone_and_persona=technical_precise,tone_and_persona=unknown
use_case_context=entertainment,0.06401156889810206,-0.01084325312266602,-0.0539844664067505,-0.007189012311675613,0.018628999190172354
use_case_context=general_productivity,0.04158082521354932,-0.1406406238304683,0.06967163463985712,-0.031206248099662676,-0.025108782628093712
use_case_context=personal_productivity,0.11348934590919865,0.08259104224453588,-0.14666085247400865,-0.026682941221487268,0.012334861815959925
use_case_context=personal_use_case,0.03406016148600749,0.3515345222877029,-0.23003425973623326,-0.04143463741488667,0.0076384060148441185
use_case_context=specific_use_case,-0.12087139721894453,-0.13743153185416382,0.1602732356335784,0.07164087831073611,0.006968071336146757
use_case_context=test_or_placeholder,-0.008099972808240014,-0.007529887714383241,-0.007611497126496012,0.002194490758981467,0.07822024267346771
use_case_context=unknown,-0.007445127859906333,0.0021400861554172813,-0.004489037002355282,-0.0034714486429926568,0.04954612928716212
