,template_is_custom,template_is_templated,template=custom,template=unknown
post_chat_message,0.10347437491465526,,0.10347437491465526,-0.10347437491465489
post_reply,0.32215045742617,,0.32215045742617,-0.3221504574261696
post_slack_message,0.00883687601298319,,0.00883687601298319,-0.00883687601298317
post_task_comment,0.04893454226764323,,0.04893454226764323,-0.04893454226764335
read_memory,0.07652300823025669,,0.07652300823025669,-0.07652300823025729
reflect,0.001740770182308475,,0.001740770182308475,-0.001740770182308459
