,autonomy_level=autonomous,autonomy_level=consultative,autonomy_level=human_in_the_loop,autonomy_level=unknown
search_clickup_support_resources,-0.015314524281126007,0.011872042962772536,0.004080615080483504,0.0052476854217541075
search_google_calendar,0.005460329320207029,-0.012930697757490724,0.010489780082139098,-0.004829830821164463
search_public_web,0.051865839440198194,-0.032257824268878355,-0.026808766138056536,-0.0012150788283118547
search_users_and_teams,0.044884040287275426,-0.052030429850190345,0.009041720214049595,-0.003401582728877846
search_workspace,0.0392131675621092,-0.08237250660915435,0.056630187461414544,-0.0023859256682904006
todo_write,0.21315347919986935,-0.2774319025892618,0.08317484769372072,-0.016909747161646903
