,tone_and_persona=casual_friendly,tone_and_persona=empathetic_supportive,tone_and_persona=professional_formal,tone_and_persona=technical_precise,tone_and_persona=unknown
implied_end_date=false,0.042412507589877184,-0.04405994222421852,0.006084450232377558,-0.001081105314169543,-0.0750142860309767
implied_end_date=true,-0.039834747212308036,0.04542770082941774,-0.003620461705881485,0.0011877998835362704,0.05091482806232304
implied_end_date=unknown,-0.01641675179877247,-0.002317594132399479,-0.012382849175005385,-0.0004070576629266094,0.12260166453068831
