,external_integration_scope=calendar_integration,external_integration_scope=clickup_only,external_integration_scope=email_integration,external_integration_scope=multiple_external_systems,external_integration_scope=unknown,external_integration_scope=web_research_integration
use_case_context=entertainment,-0.009711079822943952,-0.003302250256215177,-0.008889282412929267,-0.006372531855214234,0.00790387188106948,0.014827542627088656
use_case_context=general_productivity,0.03999745667923633,0.12108162475721604,-0.013649873620532816,0.0021903978651545922,-0.0012560466041711188,-0.17097472907959518
use_case_context=personal_productivity,0.07161511713736853,-0.021320422300381194,-0.017551597924953654,0.023361568280852563,-0.008132375076389663,-0.008415500263813987
use_case_context=personal_use_case,-0.002425575637722277,-0.05765870574685921,-0.04894585658262856,-0.010081160601823567,-0.020569765657867143,0.11461031569953994
use_case_context=specific_use_case,-0.06692703527802442,-0.06871634740233773,0.0559600615329179,-0.004326996399322919,0.011338219499094731,0.0913648575102542
use_case_context=test_or_placeholder,-0.0003793389230795451,-0.013086123509504406,-0.000895103355308384,0.001212268650804997,0.0752991262383045,-0.0070588692068452585
use_case_context=unknown,-0.0018928407448424297,-0.024229359416296708,-0.0020654635337130113,-0.0021876253959478707,0.1219329471072505,-0.004186472915754231
