,data_flow_direction=bidirectional,data_flow_direction=inbound,data_flow_direction=outbound,data_flow_direction=processing,data_flow_direction=unknown
search_clickup_support_resources,0.0016062019400746074,0.0021817400140330973,0.012392257402231294,-0.013236964078694869,-0.0010589501420330044
search_google_calendar,0.2259578639507886,0.0004999072901172223,-0.05813484726326894,-0.058327942819971536,-0.004641460409016564
search_public_web,0.10275021271142981,-0.001851322385333769,0.05860177126768644,-0.11064760225573093,0.0020177899542067027
search_users_and_teams,0.0015251470078736897,0.0015262698980034273,-0.07178247241947684,0.07024898690411825,-0.0034200282045918277
search_workspace,0.13203824677672565,0.049754881863124274,-0.15453210010014531,0.0793432656593605,-0.0033088413416623693
todo_write,0.11905226924575522,0.005822534687063845,-0.35261463537191745,0.2876786401910982,-0.013395831756754895
