,team_orientation=individual,team_orientation=larger_team,team_orientation=small_team,team_orientation=unknown
implied_end_date=false,0.014541691427730591,0.014103907141965515,0.002237995509346925,-0.07069008733756744
implied_end_date=true,-0.001583110977417877,-0.01417706163269473,-0.002547865796814953,0.03411768214555388
implied_end_date=unknown,-0.0634470294527318,-0.0010043170626131326,0.0012688232548304912,0.18191133519259195
