,create_document_page,create_google_calendar_event,create_list,create_subtask,create_task,delete_memory
write_memory,0.016201124491669733,0.025047679511543113,0.012848663064102943,0.009012407301130029,0.02832409625938626,0.06339645326764583
