,data_flow_direction=bidirectional,data_flow_direction=inbound,data_flow_direction=outbound,data_flow_direction=processing,data_flow_direction=unknown
data_flow_direction=bidirectional,1.0,-0.016128637576299006,-0.23684534923653058,-0.2769507536310237,-0.011365373896745794
data_flow_direction=inbound,-0.016128637576299006,1.0,-0.04995128178649056,-0.05840961277136462,-0.002396986033102186
data_flow_direction=outbound,-0.23684534923653058,-0.04995128178649056,1.0,-0.8577317873354129,-0.03519919096944826
data_flow_direction=processing,-0.2769507536310237,-0.05840961277136462,-0.8577317873354129,1.0,-0.04115952665997145
data_flow_direction=unknown,-0.011365373896745794,-0.002396986033102186,-0.03519919096944826,-0.04115952665997145,1.0
