,execution_dataset=collection_scoped,execution_dataset=collection_unbounded,execution_dataset=single_asset_from_user,execution_dataset=single_event_data,execution_dataset=single_user_prompt,execution_dataset=unknown
execution_dataset=collection_scoped,1.0,-0.21114096723077305,-0.21944857704620388,-0.3681191591271754,-0.37189926546171326,-0.04411910032549517
execution_dataset=collection_unbounded,-0.21114096723077305,1.0,-0.113218878887489,-0.18992166207853325,-0.19187191123044153,-0.02276212105638535
execution_dataset=single_asset_from_user,-0.21944857704620388,-0.113218878887489,1.0,-0.19739437135301022,-0.19942135553748394,-0.023657725650738575
execution_dataset=single_event_data,-0.3681191591271754,-0.18992166207853325,-0.19739437135301022,1.0,-0.3345240269979309,-0.039685206396111214
execution_dataset=single_user_prompt,-0.37189926546171326,-0.19187191123044153,-0.19942135553748394,-0.3345240269979309,1.0,-0.04009272199633378
execution_dataset=unknown,-0.04411910032549517,-0.02276212105638535,-0.023657725650738575,-0.039685206396111214,-0.04009272199633378,1.0
