,post_chat_message,post_reply,post_slack_message,post_task_comment,read_memory,reflect
rename_memory,-0.0005886499884012371,0.0018345553430636073,-0.00021649402004090437,-0.0009250531798238898,0.007486301239449467,-4.264700943880958e-05
retrieve_activity,0.25104585729906337,-0.2167821858393074,0.030756913368119646,0.04849672741314762,0.1694870621388519,-0.002169437594786951
retrieve_chat_messages,0.11093286134793451,-0.03491570713656254,0.00014235298838642763,-0.028812699555469824,0.052333384856290494,-0.0011753859120178466
retrieve_personal_priorities,0.19622202904908026,-0.13867320994339005,0.00996585005851461,-0.005959286691889966,0.10378427964599095,-0.001272955001381844
retrieve_tasks_by_filters,0.36029837427682043,-0.3859366037702751,0.039129417414022885,0.12655431721653354,0.2936615739343073,0.016334665098949545
search_clickup_help_center,0.030451852974594452,-0.024864196495638164,-0.000204626319154882,-0.0029573578880560123,0.05100264408322719,-0.00033456934745120247
