,functional_archetype=analyzer,functional_archetype=communicator,functional_archetype=creator,functional_archetype=enforcer,functional_archetype=monitor,functional_archetype=organizer,functional_archetype=unknown
domain_knowledge_depth=deep,0.07053400319375258,-0.038555908731594916,-0.05558004756241679,0.14068286271011057,-0.06618543162790659,0.02123846000782339,0.008049671678890896
domain_knowledge_depth=light,-0.012943442965331512,0.06338590913711646,-0.3847958008739086,0.04177182792833076,0.21018004883624222,0.22202116089976862,-0.01072807203670974
domain_knowledge_depth=moderate,-0.007177521041877857,-0.0851067584618939,0.4863714321429588,-0.10501150008872553,-0.277678291514485,-0.22996382990456585,-0.012526685769720868
domain_knowledge_depth=none,-0.030952651022349075,0.07910624260950869,-0.1598993072112016,-0.015737133979501397,0.19751888981299806,0.014901727935882583,0.014144761020763614
domain_knowledge_depth=unknown,-0.004517688165664102,-0.002813802007226078,-0.010388253518680252,-0.0024528903841641715,-0.0050506437861918465,-0.008148711989506351,0.39773466448557
