,template_is_custom,template_is_templated,template=custom,template=unknown
list_available_calendars,0.0011629020983635573,,0.0011629020983635573,-0.0011629020983636021
load_assets,0.097912972587934,,0.097912972587934,-0.09791297258793384
load_custom_fields,0.04814853962154994,,0.04814853962154994,-0.04814853962154998
load_web_pages,0.026799771536312092,,0.026799771536312092,-0.02679977153631197
manage_personal_priorities,0.013081080358136746,,0.013081080358136746,-0.013081080358136741
move_task_to_list,0.010112446824982836,,0.010112446824982836,-0.0101124468249828
