,create_document_page,create_google_calendar_event,create_list,create_subtask,create_task,delete_memory
team_orientation=individual,0.005786700882581647,0.006095463391100312,0.004914643510766765,0.00784436565947112,0.0115480262741382,-0.0004769362436577928
team_orientation=larger_team,-0.008886043744304217,-0.003344841457835476,-0.0038312904598895832,-0.00895102360853224,-0.011288401520871388,0.003602842749967298
team_orientation=small_team,0.0003473513691447373,-0.004450972188933143,-0.0027173002371769293,-0.0021809443817891625,-0.003021440024992212,-0.001813644373378749
team_orientation=unknown,-0.0023577698698733895,-0.0022957673813815568,-0.0018066632862720087,-0.002724845106472522,-0.007624464326368941,-0.0008242261739548528
