,post_chat_message,post_reply,post_slack_message,post_task_comment,read_memory,reflect
implied_end_date=false,0.012546844093600209,-0.006938524461091345,0.00620585354009045,0.01416660503806329,-0.01071128470820107,0.0017825654566522423
implied_end_date=true,-0.010906646410092856,0.005826779414900176,-0.005957157045442764,-0.01287489009826332,0.01159566748325298,-0.0017448089432961721
implied_end_date=unknown,-0.00905891980625243,0.0059898471733585415,-0.0017868889645109931,-0.0075458279012102026,-0.003205981513329459,-0.000351998039120002
