,state_persistence=state_accumulating,state_persistence=state_referencing,state_persistence=stateless,state_persistence=unknown
post_chat_message,0.006955574029595386,0.012290751399408996,-0.0071041418890035535,-0.012499295596401075
post_reply,-0.03748127768746992,0.012102412649539656,0.002059323613147991,0.02302489374501497
post_slack_message,-0.001726310160349386,-0.0019508155347920289,-0.0014822105367017393,0.0028800529118395233
post_task_comment,-0.005341983077164217,-0.019816844513694337,-0.0022557895928120857,0.017301371363097433
read_memory,0.1219701340085445,0.0607432994321388,-0.011380718879317221,-0.13767448330789933
reflect,-0.0030238665666192776,-0.0022870380582988834,0.002850956007418326,0.0035324833365885035
