,domain_knowledge_depth=deep,domain_knowledge_depth=light,domain_knowledge_depth=moderate,domain_knowledge_depth=none,domain_knowledge_depth=unknown
state_persistence=state_accumulating,0.059491567172369975,-0.022248466482703268,0.023565444278042875,-0.05885336923772865,-0.004661694294223403
state_persistence=state_referencing,-0.013832531304331281,-0.039861425046741256,0.057403742643185214,-0.021217822005042547,-0.003375823312864563
state_persistence=stateless,-0.0062599033453506195,-0.0035067404854524117,-0.004164804418240662,0.018790912135946747,-0.0007316045561356109
state_persistence=unknown,-0.03951488843796296,0.04416272932985781,-0.05524350485933674,0.05936012576002954,0.006100333303069311
