,list_available_calendars,load_assets,load_custom_fields,load_web_pages,manage_personal_priorities,move_task_to_list
list_available_calendars,1.0,-0.001026113370009955,-0.0008449926995173254,-0.0007236297568119528,0.007061321542687874,-0.00027569514063015656
load_assets,-0.001026113370009955,1.0,0.25079787958604755,0.047813817951257775,-0.011873664593721286,0.04478010065382724
load_custom_fields,-0.0008449926995173254,0.25079787958604755,1.0,0.008397336798250384,-0.011737534269663223,0.024908264288083137
load_web_pages,-0.0007236297568119528,0.047813817951257775,0.008397336798250384,1.0,-0.009524310790798903,-0.004163205528720277
manage_personal_priorities,0.007061321542687874,-0.011873664593721286,-0.011737534269663223,-0.009524310790798903,1.0,7.065807051147483e-05
move_task_to_list,-0.00027569514063015656,0.04478010065382724,0.024908264288083137,-0.004163205528720277,7.065807051147483e-05,1.0
