,edit_image,find_similar_assets,find_stale_tasks,follow_up_cursor_agent,generate_image,generate_project_summary
edit_image,1.0,-0.002235273066780605,-0.016485046357139738,-0.0008518785110330014,0.05628042271975976,-0.016714430070688825
find_similar_assets,-0.002235273066780605,1.0,0.005187226991548275,-0.00011355200932274514,-0.0029402962095793532,-0.0019502316746343913
find_stale_tasks,-0.016485046357139738,0.005187226991548275,1.0,-0.0008374612546223909,-0.021599917236643423,0.10705894779143768
follow_up_cursor_agent,-0.0008518785110330014,-0.00011355200932274514,-0.0008374612546223909,1.0,-0.0011911555630887795,-0.0008522981164986301
generate_image,0.05628042271975976,-0.0029402962095793532,-0.021599917236643423,-0.0011911555630887795,1.0,-0.020079529627028966
generate_project_summary,-0.016714430070688825,-0.0019502316746343913,0.10705894779143768,-0.0008522981164986301,-0.020079529627028966,1.0
