,execution_dataset=collection_scoped,execution_dataset=collection_unbounded,execution_dataset=single_asset_from_user,execution_dataset=single_event_data,execution_dataset=single_user_prompt,execution_dataset=unknown
post_chat_message,0.21154375868400924,0.20562142446740939,-0.10006369552456737,-0.1408132028207105,-0.15064868893765265,-0.002737478993816685
post_reply,-0.2699433437395629,-0.15619462699952297,0.17950350350142585,-0.012603463203394344,0.27570427810032194,-0.005973842964619082
post_slack_message,0.02790117573859561,0.024290783053596582,-0.01538684347530843,-0.011639625251791887,-0.023671368678522403,0.002099895868088706
post_task_comment,0.07332870906380731,0.008790142307337094,-0.07576105000192725,0.0959673115384042,-0.12352899824015105,-0.006754445170118079
read_memory,0.21692379093760775,0.13745544400700038,-0.10878059073971884,-0.1026933442601172,-0.14540343256890034,0.0229518339188714
reflect,-0.0012898676251392907,0.0038807536599491715,-0.003122642044140353,0.006318296300340661,-0.005291938084753016,-0.0006277924399438185
