,team_orientation=individual,team_orientation=larger_team,team_orientation=small_team,team_orientation=unknown
external_integration_scope=calendar_integration,0.005718849330957423,-0.0018620400871011689,-0.0020967557054539705,-0.008805924198697943
external_integration_scope=clickup_only,0.03206912549613433,-0.008377304573662628,-0.015518678742008195,-0.04476727651764933
external_integration_scope=email_integration,-0.043763341208442455,0.03099204755505812,0.0383320611547716,-0.009113667060696202
external_integration_scope=multiple_external_systems,-0.004944415460415596,-0.0019071978740758306,0.010625913877837678,-0.0054367404197330545
external_integration_scope=unknown,-0.1445019901670574,0.0655530257408855,0.034816923112800206,0.23030365290901322
external_integration_scope=web_research_integration,0.027683764243586,-0.02455268551323437,-0.016228796110635185,-0.0031445336517253275
