,use_case_context=entertainment,use_case_context=general_productivity,use_case_context=personal_productivity,use_case_context=personal_use_case,use_case_context=specific_use_case,use_case_context=test_or_placeholder,use_case_context=unknown
implied_end_date=false,0.007333236548160794,0.11472953952698196,0.009209238683372,-0.13382719621400183,-0.02059073604239099,-0.07701339630435021,-0.06236653282068765
implied_end_date=true,-0.009104680272198842,-0.1119812200332953,-0.008279494870527348,0.13384270231192788,0.02278813704735871,0.00018847555438283203,-0.0024762070695477484
implied_end_date=unknown,0.007777994561923895,-0.02417912707013752,-0.005336449711923198,0.012779160440253123,-0.008544318074868416,0.3752622755478753,0.3164804996417902
