,output_modality=email_external_message,output_modality=messages,output_modality=structured_document,output_modality=task_artifact,output_modality=unknown,output_modality=visual_image
generate_project_update,0.010518572368230221,0.0725052340391497,-0.021241849500515567,-0.03930341951980947,-0.010607214559401171,-0.03996080025821651
generate_stand_up,0.0036382487245357276,0.06595055653905875,-0.01755904493616603,-0.03696109178336376,-0.008879684668534157,-0.034987486446242964
get_cursor_agent,-0.0007585511477807085,0.006062279521576769,-0.0026098486363592055,-0.0028643477478851806,-0.0007276821466131637,-0.00239918662041898
gmail_create_draft,0.2724330160650698,-0.02765178483221149,-0.01716607092150023,-0.014932489369704028,-0.002457553205529464,-0.021141944339470038
gmail_fetch_drafts,0.0769298999211857,-0.003214172553314973,-0.00940712979164531,-0.002039970518185727,0.00037884548721817346,-0.010725698905035356
launch_cursor_agent,-0.0010210722692652935,0.008160327126426892,-0.003513071039919694,-0.003855647787831999,-0.000979520053354331,-0.0032295026302041137
