,functional_archetype=analyzer,functional_archetype=communicator,functional_archetype=creator,functional_archetype=enforcer,functional_archetype=monitor,functional_archetype=organizer,functional_archetype=unknown
external_integration_scope=calendar_integration,-0.02451353139987326,0.04434899590615481,-0.11067189898717084,-0.022139793833850677,-0.009075275492911148,0.1322837071299075,-0.0028720218016144313
external_integration_scope=clickup_only,-0.06567521949039319,-0.16222603746428413,0.05100741336694441,0.05743877831097737,0.06104762783555698,-9.188642453199209e-05,-0.05853346631646097
external_integration_scope=email_integration,-0.029151994038635862,0.2967826945261212,-0.105952738282081,-0.01959743445763132,0.0011191486223530126,0.0055233485256426015,-0.0051930689430464355
external_integration_scope=multiple_external_systems,-0.0010020877030515066,0.08473025655310536,-0.0686517221904332,-0.02516514507770201,-0.023568461811456935,0.06427281142507885,-0.005500213059822886
external_integration_scope=unknown,0.0005189769610505585,0.03427449899940213,-0.048172368730075486,-0.0006197453946287988,0.03444427690057436,-0.010791383216578616,0.2939702913919165
external_integration_scope=web_research_integration,0.11349630717199251,-0.026513240108089975,0.09791493544994322,-0.03930542060648081,-0.07353068307162765,-0.1001424120762888,-0.010525793423535212
