,template_is_custom,template_is_templated,template=custom,template=unknown
execution_dataset=collection_scoped,0.03896373593394289,,0.03896373593394289,-0.03896373593394274
execution_dataset=collection_unbounded,0.013211555098601545,,0.013211555098601545,-0.013211555098601432
execution_dataset=single_asset_from_user,-0.010713650278883253,,-0.010713650278883253,0.01071365027888339
execution_dataset=single_event_data,-0.012857016175614631,,-0.012857016175614631,0.01285701617561467
execution_dataset=single_user_prompt,-0.025674538880075478,,-0.025674538880075478,0.02567453888007557
execution_dataset=unknown,-0.02357029462577573,,-0.02357029462577573,0.023570294625775715
