,add_agent_schedule,add_task_to_list,check_calendar_availability,complete_execution,create_custom_field,create_document
autonomy_level=autonomous,0.01520367149791037,0.007361476529399253,-0.0020047148090681826,0.003661020198034767,-0.016398946775361137,0.008888944046263496
autonomy_level=consultative,-0.02090911059496456,-0.015520106823748017,0.003400866833167723,-0.0005936803131925665,0.0007736861779376069,-0.006979556004140506
autonomy_level=human_in_the_loop,0.007509728854968896,0.010872058672072362,-0.0015171070676517824,-0.004019108447702488,0.021308743082693704,-0.0019257164223426056
autonomy_level=unknown,-0.0018421976495905646,-0.0015603123938291831,-0.0019269290128557696,-0.0007492550850184169,-0.002074133524253141,-0.005221808658483555
