,team_orientation=individual,team_orientation=larger_team,team_orientation=small_team,team_orientation=unknown
state_persistence=state_accumulating,-0.02251936517005478,0.010298248079248314,0.023471336528512455,-0.00318920693133241
state_persistence=state_referencing,0.006468895925152265,0.0039889547856575705,-0.008209946569966427,-0.007704621608420095
state_persistence=stateless,0.005408224390638843,-0.0031169095562787684,-0.0028914576837338396,-0.004066178077459399
state_persistence=unknown,0.013732289394306336,-0.010586939821051137,-0.01378443780943834,0.008112629796437568
