,search_clickup_support_resources,search_google_calendar,search_public_web,search_users_and_teams,search_workspace,todo_write
search_clickup_support_resources,1.0,-0.0019304930027748853,-0.0037666972251387053,-0.0008355757107801593,0.012445970592880837,0.004824016156768351
search_google_calendar,-0.0019304930027748853,1.0,-0.010364670290573566,0.010553056885956104,0.07504313714551766,0.12893457424772164
search_public_web,-0.0037666972251387053,-0.010364670290573566,1.0,-0.013885620670862341,0.039020789900738415,0.14577644713540486
search_users_and_teams,-0.0008355757107801593,0.010553056885956104,-0.013885620670862341,1.0,0.031918498067198264,0.14501899391366474
search_workspace,0.012445970592880837,0.07504313714551766,0.039020789900738415,0.031918498067198264,1.0,0.3720512041122581
todo_write,0.004824016156768351,0.12893457424772164,0.14577644713540486,0.14501899391366474,0.3720512041122581,1.0
