,post_chat_message,post_reply,post_slack_message,post_task_comment,read_memory,reflect
state_persistence=state_accumulating,0.006955574029595386,-0.03748127768746992,-0.001726310160349386,-0.005341983077164217,0.1219701340085445,-0.0030238665666192776
state_persistence=state_referencing,0.012290751399408996,0.012102412649539656,-0.0019508155347920289,-0.019816844513694337,0.0607432994321388,-0.0022870380582988834
state_persistence=stateless,-0.0071041418890035535,0.002059323613147991,-0.0014822105367017393,-0.0022557895928120857,-0.011380718879317221,0.002850956007418326
state_persistence=unknown,-0.012499295596401075,0.02302489374501497,0.0028800529118395233,0.017301371363097433,-0.13767448330789933,0.0035324833365885035
