,domain_industry_vertical=creative_design,domain_industry_vertical=education_academic,domain_industry_vertical=finance_accounting,domain_industry_vertical=general_cross_functional,domain_industry_vertical=hr_people,domain_industry_vertical=it_engineering,domain_industry_vertical=legal_compliance,domain_industry_vertical=marketing_content,domain_industry_vertical=personal_productivity,domain_industry_vertical=project_management_ops,domain_industry_vertical=sales_crm,domain_industry_vertical=unknown
external_integration_scope=calendar_integration,-0.059452731671868236,-0.014436757121322589,-0.019010021454450653,-0.031226162643941163,-0.004276777190314266,-0.027498908251797786,-0.011095787611469404,-0.049497096433570933,0.18790425346864764,0.04846986244949942,-0.012296184434417969,-0.0024566147909039254
external_integration_scope=clickup_only,0.13454384368635872,-0.032089924720717616,-0.007915781828510833,-0.10975900186166633,-0.008383083112555487,0.017681744107181083,-0.03225040060212467,-0.08095766357999996,-0.09264073408580482,0.11602383836927527,-0.06453216991696331,-0.03606258325842251
external_integration_scope=email_integration,-0.06219726717285205,-0.04896725629253121,0.01803892555059711,0.06478821435993379,0.008893218593344049,-0.024199950504792435,0.0034528132584080123,-0.023956406775928668,-0.005465980748322059,0.038962995020021214,0.058732711534492436,-0.0026806524958942228
external_integration_scope=multiple_external_systems,-0.060576893831136285,-0.02187571443161377,-0.00437993562379902,0.009082146280568543,0.005166072234166906,-0.01407014082164894,0.0027067071109496553,0.00568201266489674,0.1374407060577866,-0.02010560162372551,0.0331047067434115,-0.0028391997157108926
external_integration_scope=unknown,-0.028220814766174163,-0.02357729760556087,0.009015003309843131,0.011615313493798959,0.002919134636651622,0.003794310159441717,0.0032869796152217327,-0.008911852566736822,-0.0031160295970047475,0.023782748282977207,0.002436229826347521,0.17705457910482839
external_integration_scope=web_research_integration,-0.07021154574666294,0.0947485891171362,0.009601071592585452,0.11509709142998065,0.004458259594847614,0.009948477898507786,0.04306140929237429,0.14214240059747932,-0.04438762533076497,-0.19199191659434417,0.039553450218416664,-0.005433394919558768
