,external_integration_scope=calendar_integration,external_integration_scope=clickup_only,external_integration_scope=email_integration,external_integration_scope=multiple_external_systems,external_integration_scope=unknown,external_integration_scope=web_research_integration
autonomy_level=autonomous,-0.008398623396621988,0.03689864084014525,0.006409661956415382,-0.047312063683166074,0.015555027141169386,-0.025820620025119662
autonomy_level=consultative,0.0005040641912125793,-0.02339131800197557,-0.03717585296958885,0.02651957353900431,-0.044267380458326046,0.04928940361523949
autonomy_level=human_in_the_loop,0.011661153668516454,-0.009729761644746992,0.04188092564311551,0.02957946930341336,-0.011441823752128523,-0.028225386131123763
autonomy_level=unknown,-0.007016564832841165,-0.059416444927286864,-0.00886510337696149,-0.007459153624254347,0.3282281748419717,-0.015259829226554228
