,output_modality=email_external_message,output_modality=messages,output_modality=structured_document,output_modality=task_artifact,output_modality=unknown,output_modality=visual_image
list_available_calendars,-0.000752449946041193,0.004429055661916668,-0.0025888570221659878,-0.0022047382299904316,0.0039603379892201845,-0.002379889409380832
load_assets,-0.006191207079766067,-0.032287878019621276,0.08664812307830173,0.10790864762544815,-0.016139621553250473,-0.15860105432832847
load_custom_fields,0.0006451029157124244,0.0072757268841735535,-0.06351900319143301,0.13765918166661145,-0.014213116287669381,-0.0941547703927332
load_web_pages,0.013586504633024077,-0.00829717110396847,0.035549633801852915,0.015847221774071475,-0.006705415808022948,-0.04600275730698637
manage_personal_priorities,-0.004916592359867376,0.055999369973469125,-0.028423284503573502,-0.019103655212217123,-0.006460740218560665,-0.026732106269674264
move_task_to_list,0.0011195886233337504,-0.0017674785121968408,-0.019473426091073064,0.03928917525098514,-0.0035102041057375865,-0.020306149302698747
