,tone_and_persona=casual_friendly,tone_and_persona=empathetic_supportive,tone_and_persona=professional_formal,tone_and_persona=technical_precise,tone_and_persona=unknown
domain_knowledge_depth=deep,-0.14388039929231985,-0.012626733921732703,0.09702538487623284,0.08493689701518828,0.011115877926774272
domain_knowledge_depth=light,-0.06725410987543227,-0.10908527083106392,0.15242049170236374,-0.04582442993082948,0.0033059873346535868
domain_knowledge_depth=moderate,0.10022230601017615,0.12250503766872343,-0.17998865462112063,0.029728412184780915,-0.01776904954270106
domain_knowledge_depth=none,0.0694133135355435,-0.021447753237271126,-0.02704532719730089,-0.05424536607845864,0.010922220907872784
domain_knowledge_depth=unknown,-0.00890048153048198,-0.004465824489900753,-0.009929727821347798,-0.0034714486429926867,0.0949821818835954
