,domain_knowledge_depth=deep,domain_knowledge_depth=light,domain_knowledge_depth=moderate,domain_knowledge_depth=none,domain_knowledge_depth=unknown
implied_end_date=false,-0.042957888034979054,0.008330389706406476,-0.010314001066749979,0.04653122398693084,-0.06236653282068867
implied_end_date=true,0.045776938722022056,-0.007819426087276912,0.012305085068323469,-0.05084380501686967,0.004879127582768669
implied_end_date=unknown,-0.009372752707985406,-0.0032467696173005167,-0.008543424741035406,0.016181116356956484,0.28126049407985104
