,search_clickup_support_resources,search_google_calendar,search_public_web,search_users_and_teams,search_workspace,todo_write
template_is_custom,0.006787086700845847,0.021596713585496613,0.02862294062148592,0.023064919507371176,0.07086672467751505,0.17270224031690376
template_is_templated,,,,,,
template=custom,0.006787086700845847,0.021596713585496613,0.02862294062148592,0.023064919507371176,0.07086672467751505,0.17270224031690376
template=unknown,-0.006787086700845836,-0.02159671358549656,-0.02862294062148586,-0.023064919507371193,-0.07086672467751505,-0.1727022403169034
