,search_clickup_support_resources,search_google_calendar,search_public_web,search_users_and_teams,search_workspace,todo_write
list_available_calendars,-0.00021582858645916188,0.012866923449735248,-0.0008861892885611228,-0.000733461821468975,0.0013554312846259075,0.0023391530255752395
load_assets,-0.002452003312140602,-0.017071127417240522,0.0207911353974362,0.03411164185245045,0.21952329609141852,0.4371436108264338
load_custom_fields,-0.002406129292339768,-0.010177832343536721,-0.008373765800435235,0.02690846627272395,0.040964314586150574,0.2853514704795787
load_web_pages,-0.003213486235987527,-0.01348091275975304,0.37944677011895855,-0.012272860285025972,0.028227369812190473,0.11244629176410922
manage_personal_priorities,-0.0019380046439581489,0.023528029934306333,-0.009965152353222583,-0.00292647823805068,-0.010035312461944472,0.10861060516403669
move_task_to_list,0.00017225062788114298,-0.0008545405075561229,-0.004164403520122959,0.0016409752581664251,0.03607623753450196,0.04072109067825485
