,rename_memory,retrieve_activity,retrieve_chat_messages,retrieve_personal_priorities,retrieve_tasks_by_filters,search_clickup_help_center
operational_scope=branching_workflow,-0.005320818834567193,0.0315540908027747,-0.015152462557576877,0.015842786543636595,0.009995197683466227,-0.014054372690987088
operational_scope=multi_workflow_orchestration,-0.000853824245714398,0.05197552196936984,0.003307441091921066,0.05551834021869034,0.1543701795629641,0.040132652659991816
operational_scope=sequential_workflow,0.0063264077794607555,-0.06415526732192282,0.014410239272790129,-0.050684708909340084,-0.10453685189296767,-0.011206189706309488
operational_scope=single_action,-0.0003123871787029662,-0.014614479550463065,-0.0005354432001806075,-0.008891232248563898,-0.0232135475152085,-0.002293651436337251
operational_scope=unknown,-0.00019652209092635217,-0.007618453570009563,-0.0016338233602866481,-0.004134708929968226,-0.011607951137322384,0.01190312128080519
