,tone_and_persona=casual_friendly,tone_and_persona=empathetic_supportive,tone_and_persona=professional_formal,tone_and_persona=technical_precise,tone_and_persona=unknown
update_chat_message,-0.003637872468253455,0.001929787192667027,0.00048397329779702956,0.00297351585892431,0.0009736637263553373
update_comment,-0.008694421613839445,-0.007971394397493847,0.011703869298268998,0.0019480885069936618,0.0015418551496194693
update_document,-0.040708115177058773,-0.013675261638331033,0.03192073309208438,0.02529840862461956,0.007888219343942474
update_google_calendar_event,0.004972319680071035,0.0007099154667457007,-0.0035089090381779384,-0.003937919528644616,0.001659863061519244
update_task,-0.05868173839135857,-0.02717347963846869,0.05133934654703862,0.032211918609925484,0.01728919259183578
view_tools_catalog,-0.037234679142152824,-0.033762208526349036,0.04734572512179048,0.0067424508974088465,0.020579959501079145
