,post_chat_message,post_reply,post_slack_message,post_task_comment,read_memory,reflect
add_agent_schedule,0.03698823463620775,-0.044081243664522284,0.00929951141114313,0.016354637505648698,0.014491297457224786,0.0010838716325908093
add_task_to_list,0.00010579083858400997,-0.024465486923288694,0.00048213307930505166,0.013429664453648406,0.009100187896090258,0.0010963476341148471
check_calendar_availability,0.006562783691933036,-0.0075776287902787265,0.0029277238278833874,0.0028321087414205446,0.018087649485747283,-0.0003163445542730867
complete_execution,0.012388344003155109,-0.02111889269547662,-0.0006233459118783542,0.01145465384532484,-0.0050487223044334,0.6832491169511713
create_custom_field,-0.0016722898073202768,0.001431757207569863,-0.0020083694622389197,0.0032638690991734806,0.0013568255695979611,-0.00042042863988171097
create_document,-0.01847009144769226,0.01458122970225791,-0.005709481497896081,0.005994734155016721,0.007955330440952965,-0.0006000964481878514
