,state_persistence=state_accumulating,state_persistence=state_referencing,state_persistence=stateless,state_persistence=unknown
functional_archetype=analyzer,0.0564647882983786,-0.014408286952187743,-0.0003310367502442057,-0.037514118631278355
functional_archetype=communicator,-0.03375007839342012,0.047719329147136606,-0.0011118239526098346,-0.0021607250932589124
functional_archetype=creator,-0.02260572928301928,0.050729483936269464,0.009895321752805568,-0.014892169340261881
functional_archetype=enforcer,-0.022883644092859055,-0.023166463929736786,0.0053773513530358695,0.03281253985630797
functional_archetype=monitor,-0.011452555909102345,-0.036200636327684645,-0.0010364898326851652,0.03255532408056334
functional_archetype=organizer,0.01970983594584861,-0.030036029933537135,-0.011240981434807762,0.004373841009738742
functional_archetype=unknown,-0.010872831727282931,-0.004061380246090432,-0.0018394286982299298,0.0118325656475851
