,template_is_custom,template_is_templated,template=custom,template=unknown
create_document_page,0.02992913492320285,,0.02992913492320285,-0.029929134923202722
create_google_calendar_event,0.00979682167296037,,0.00979682167296037,-0.009796821672960362
create_list,0.013136103541652615,,0.013136103541652615,-0.013136103541652582
create_subtask,0.026368246501110616,,0.026368246501110616,-0.02636824650111062
create_task,0.03766799845097493,,0.03766799845097493,-0.037667998450974835
delete_memory,0.0021951968654932365,,0.0021951968654932365,-0.00219519686549326
