,external_integration_scope=calendar_integration,external_integration_scope=clickup_only,external_integration_scope=email_integration,external_integration_scope=multiple_external_systems,external_integration_scope=unknown,external_integration_scope=web_research_integration
generate_project_update,-0.011611141393496569,0.02637690142498848,0.009960698600664465,-0.008756690764351366,0.001974380035256737,-0.029716848340115405
generate_stand_up,-0.00037092958195523144,0.016796416108703062,0.0041843901853788916,0.0007267265717615417,0.006171931269675303,-0.02632166517284241
get_cursor_agent,-0.0008982225728352942,0.0028502273072185517,-0.0009801384371106428,-0.0010381087351919154,-0.0005805360137629662,-0.0019866354228375116
gmail_create_draft,-0.005642029840154214,-0.11108436520122453,0.22166906189778343,0.08104384091483349,0.0020357179207819605,-0.016412917997688466
gmail_fetch_drafts,-0.0035273184353978794,-0.05648836234441133,0.08915536100677612,0.06577615888839398,-0.0005044113151704272,-0.008791835944438619
launch_cursor_agent,-0.001209081501535584,0.003836640512664497,-0.001319346996049956,-0.0013973797878860843,-0.0007814492492661468,-0.00267417476769271
