,search_clickup_support_resources,search_google_calendar,search_public_web,search_users_and_teams,search_workspace,todo_write
autonomy_level=autonomous,-0.015314524281126007,0.005460329320207029,0.051865839440198194,0.044884040287275426,0.0392131675621092,0.21315347919986935
autonomy_level=consultative,0.011872042962772536,-0.012930697757490724,-0.032257824268878355,-0.052030429850190345,-0.08237250660915435,-0.2774319025892618
autonomy_level=human_in_the_loop,0.004080615080483504,0.010489780082139098,-0.026808766138056536,0.009041720214049595,0.056630187461414544,0.08317484769372072
autonomy_level=unknown,0.0052476854217541075,-0.004829830821164463,-0.0012150788283118547,-0.003401582728877846,-0.0023859256682904006,-0.016909747161646903
