,execution_dataset=collection_scoped,execution_dataset=collection_unbounded,execution_dataset=single_asset_from_user,execution_dataset=single_event_data,execution_dataset=single_user_prompt,execution_dataset=unknown
domain_knowledge_depth=deep,0.029288306254023167,-0.04643574876380963,-0.022355720316791512,0.02104693990164492,-0.007756509887485116,0.024161404280977596
domain_knowledge_depth=light,0.19624384697111755,0.08190848657581899,-0.08749099910290023,0.03021537053437479,-0.22725510567418564,-0.013543958254908563
domain_knowledge_depth=moderate,-0.18936025697531236,-0.18220843174544832,0.1104178784027549,-0.0335816973503863,0.279219111553766,-0.007326075577611449
domain_knowledge_depth=none,-0.020595587819891546,0.22453384046807098,-0.02702843404923718,-0.010427949379865263,-0.10350768932160984,0.004359363291202218
domain_knowledge_depth=unknown,-0.008264468715635754,-0.004263841193137354,-0.004431607446234242,-0.007433903781230778,-0.0075102403317118885,0.18732178704151972
