,external_integration_scope=calendar_integration,external_integration_scope=clickup_only,external_integration_scope=email_integration,external_integration_scope=multiple_external_systems,external_integration_scope=unknown,external_integration_scope=web_research_integration
execution_dataset=collection_scoped,0.06704407904783191,-0.018818479490188486,0.07828831461704688,0.027297490040266152,0.022285961180527312,-0.07233302153469107
execution_dataset=collection_unbounded,0.02487779308469912,-0.06460420720578901,0.02956913227402679,0.05184245758694643,0.01181803381908529,0.023447580701148076
execution_dataset=single_asset_from_user,-0.0382915810058759,0.086508378617017,-0.03850866975537478,-0.04174875073711498,-0.02577715405220262,-0.041886879740591465
execution_dataset=single_event_data,-0.0415376465651694,0.0904119436799439,-0.021367952566810726,-0.049186834716189384,-0.019641730424281186,-0.052288005011148116
execution_dataset=single_user_prompt,-0.018946881253721078,-0.0768780043161013,-0.05301121266697769,0.011697955861521355,-0.034592234317121724,0.14216871867548092
execution_dataset=unknown,0.0014915678569825347,-0.06499691570221933,-0.003639538820840372,0.017080534232246026,0.25930828168186654,-0.006642252810239657
