,data_flow_direction=bidirectional,data_flow_direction=inbound,data_flow_direction=outbound,data_flow_direction=processing,data_flow_direction=unknown
add_agent_schedule,0.0308705561926533,-0.002677195626902129,-0.02779404561901669,0.011981327076556605,-0.0008204147215332291
add_task_to_list,-0.0017567238615198765,-0.00199912925923861,-0.027946164430608097,0.028872643727064853,-0.001506467094075092
check_calendar_availability,0.09115080049642692,-0.0005309713456426775,-0.021975938085306686,-0.02493857926587548,-0.0014282475577188768
complete_execution,-0.0034693819519040995,-0.0007881001838759693,-0.0036012424708801237,0.005478162137389131,-0.0005553508915723116
create_custom_field,-0.0023170720522586205,0.006507075525254302,-0.02431047789497212,0.02457603519802813,-0.0014677282528574756
create_document,0.0028933454234586157,-0.010542689281850193,-0.024229006428955008,0.023964155389019363,-0.003461816220448113
