,use_case_context=entertainment,use_case_context=general_productivity,use_case_context=personal_productivity,use_case_context=personal_use_case,use_case_context=specific_use_case,use_case_context=test_or_placeholder,use_case_context=unknown
autonomy_level=autonomous,0.0086520916268898,0.11225868224715611,-0.015351697737633554,-0.044331341735063576,-0.07446004858003484,0.004292814399159668,-0.011433389182513434
autonomy_level=consultative,0.006413520765985752,-0.09558857591006806,0.03252340602994923,0.09623351371472544,0.0139298622866445,-0.014279909806867231,-0.010427124924248575
autonomy_level=human_in_the_loop,-0.023511620012657403,-0.019557137699110445,-0.0230323468292277,-0.06864397092683942,0.08012781820715291,-0.009620718459201639,-0.005705854022693459
autonomy_level=unknown,0.022808958782326725,-0.031977252100757775,0.00426482509603075,0.006107719832384772,0.009635083417788562,0.15203472306595237,0.23298809341363272
