,state_persistence=state_accumulating,state_persistence=state_referencing,state_persistence=stateless,state_persistence=unknown
generate_project_update,0.0022006407336892875,-0.01314091576652694,-0.0027207590277063378,0.006903079963308632
generate_stand_up,0.00041079531766245183,-0.008217220302387631,-0.0019875392911904706,0.005156648623309206
get_cursor_agent,-0.002212145450766626,-0.0016019523616980138,-0.0003471732783123612,0.0028948325893587297
gmail_create_draft,-0.006885541690721372,0.004360152138821046,0.0023438258988761063,0.002588713199110983
gmail_fetch_drafts,-0.0037863930525580255,0.0039787681803227296,-0.0015520576929535736,0.0008372411166972012
launch_cursor_agent,-0.0029777298234504655,-0.0021563597102180294,-0.0004673238029522546,0.003896682893180633
