,domain_knowledge_depth=deep,domain_knowledge_depth=light,domain_knowledge_depth=moderate,domain_knowledge_depth=none,domain_knowledge_depth=unknown
domain_knowledge_depth=deep,1.0,-0.20573006408550903,-0.2826900947481087,-0.09088078970470456,-0.003704900668907329
domain_knowledge_depth=light,-0.20573006408550903,1.0,-0.7071290345782748,-0.22733178940302665,-0.00926754379401671
domain_knowledge_depth=moderate,-0.2826900947481087,-0.7071290345782748,1.0,-0.312372648942969,-0.012734370374394642
domain_knowledge_depth=none,-0.09088078970470456,-0.22733178940302665,-0.312372648942969,1.0,-0.004093916474322843
domain_knowledge_depth=unknown,-0.003704900668907329,-0.00926754379401671,-0.012734370374394642,-0.004093916474322843,1.0
