,rename_memory,retrieve_activity,retrieve_chat_messages,retrieve_personal_priorities,retrieve_tasks_by_filters,search_clickup_help_center
use_case_context=entertainment,-0.0003105139464356825,-0.01669440076194802,-0.0017505037786182634,-0.009980538218890483,-0.03124975460992802,-0.0024360078186148656
use_case_context=general_productivity,-0.0005835855692649802,0.1535582388686359,0.012992372886027889,0.12858345175211403,0.14285404268981933,0.0015200978950483798
use_case_context=personal_productivity,-0.0010380138265937387,-0.022711991458228335,-0.006157659065492016,0.058106304248971286,0.02227238521058617,0.0007178585498314278
use_case_context=personal_use_case,-0.001724609554520631,-0.08632665124197446,0.010591858824940051,-0.04665943102912585,-0.10372201623298662,0.007403750198020809
use_case_context=specific_use_case,0.002254385118725246,-0.07951489525883658,-0.017110915111592143,-0.11772227824885306,-0.07400364325583995,-0.006630114174771078
use_case_context=test_or_placeholder,-0.00010205035313795165,-0.0038370973575050107,-0.0026847782202601414,-0.003280102106317329,-0.008019738440296955,0.0013542423491131076
use_case_context=unknown,-6.052400560714276e-05,-0.002791405253560983,-0.00014640988963207172,-0.0019453623840613688,-0.005054609822819772,-0.00047481587402204307
