,post_chat_message,post_reply,post_slack_message,post_task_comment,read_memory,reflect
write_memory,0.07870815155648961,-0.06617248543436627,0.01338424746690052,0.027176373742601075,0.24703006535476615,-0.002112188285448778
