,domain_industry_vertical=creative_design,domain_industry_vertical=education_academic,domain_industry_vertical=finance_accounting,domain_industry_vertical=general_cross_functional,domain_industry_vertical=hr_people,domain_industry_vertical=it_engineering,domain_industry_vertical=legal_compliance,domain_industry_vertical=marketing_content,domain_industry_vertical=personal_productivity,domain_industry_vertical=project_management_ops,domain_industry_vertical=sales_crm,domain_industry_vertical=unknown
implied_end_date=false,0.010313803499584159,-0.06363420764417178,0.006248163324521962,0.016935632137472553,0.003474297753679083,-0.012603848171834827,-0.0004113793773134356,0.023350010914049854,-0.014673484600222542,0.009882603143794966,0.024080600056325997,-0.07172996919058014
implied_end_date=true,-0.013334357230461105,0.06469472543568161,-0.005668544072579141,-0.019695213200936635,-0.0031370909711453034,0.012753539209319285,0.0006847781637169554,-0.02231856162190207,0.015687689228288434,-0.006317961990605107,-0.023493611014003653,0.0024542554835925816
implied_end_date=unknown,0.013472917534432301,0.0010335929703037196,-0.003375530583888838,0.011587293555456207,-0.001948356481495896,0.0004937594671975237,-0.0012696215234318932,-0.0071816003258794265,-0.003447066768207207,-0.01801796540063081,-0.005123533022103256,0.3386064929642022
