,use_case_context=entertainment,use_case_context=general_productivity,use_case_context=personal_productivity,use_case_context=personal_use_case,use_case_context=specific_use_case,use_case_context=test_or_placeholder,use_case_context=unknown
template_is_custom,-0.011132117148041038,-0.002037358371471862,0.006078800076745562,0.005123281868456227,-0.0015370484470992039,-0.01769974537843063,-0.012271908041580893
template_is_templated,,,,,,,
template=custom,-0.011132117148041038,-0.002037358371471862,0.006078800076745562,0.005123281868456227,-0.0015370484470992039,-0.01769974537843063,-0.012271908041580893
template=unknown,0.011132117148041064,0.002037358371471809,-0.006078800076745552,-0.005123281868456199,0.001537048447099126,0.017699745378430592,0.01227190804158088
