,template_is_custom,template_is_templated,template=custom,template=unknown
tone_and_persona=casual_friendly,0.004176119474552444,,0.004176119474552444,-0.004176119474552509
tone_and_persona=empathetic_supportive,0.008754377631601567,,0.008754377631601567,-0.008754377631601572
tone_and_persona=professional_formal,0.0058366157920640045,,0.0058366157920640045,-0.005836615792063973
tone_and_persona=technical_precise,-0.0107283248678581,,-0.0107283248678581,0.010728324867858073
tone_and_persona=unknown,-0.04078982954226451,,-0.04078982954226451,0.040789829542264566
