,functional_archetype=analyzer,functional_archetype=communicator,functional_archetype=creator,functional_archetype=enforcer,functional_archetype=monitor,functional_archetype=organizer,functional_archetype=unknown
search_clickup_support_resources,0.011423084762339735,0.023934273178053727,-0.011212604289170792,-0.00017539541925876164,-0.0060180572761039655,-0.002105899834481418,-0.0011527971345981064
search_google_calendar,-0.01382462256762476,0.07435708500822746,-0.08437276638668016,-0.01928028992518994,0.00269738344969731,0.07266001815214704,-0.003668235081628309
search_public_web,0.10937665970856329,0.0007336413659416305,-0.02926419364068415,-0.02248073110121255,0.02143516019323185,-0.05136125002064683,0.0025947563115618433
search_users_and_teams,0.004070981039194854,0.034340289597194186,-0.09232974417136901,0.010630392629202784,0.08972773266467197,0.0098113899428333,-0.003823894024075253
search_workspace,0.05658957490366129,0.0393175209805929,-0.16516197662105608,-0.016454023752486793,0.04036225031213971,0.09803912968837619,-0.0019406465443309357
todo_write,0.0561199866185437,0.048611022808760604,-0.40330884411383744,0.03079765569321091,0.3336733241894248,0.11277829716662573,-0.010124893080342014
