,template_is_custom,template_is_templated,template=custom,template=unknown
generate_project_update,0.019820645119121974,,0.019820645119121974,-0.019820645119122002
generate_stand_up,0.017239979376067336,,0.017239979376067336,-0.01723997937606731
get_cursor_agent,0.0011723314302982304,,0.0011723314302982304,-0.0011723314302982445
gmail_create_draft,0.01037796601704326,,0.01037796601704326,-0.010377966017043237
gmail_fetch_drafts,0.00524097368302797,,0.00524097368302797,-0.005240973683027956
launch_cursor_agent,0.001578054581247111,,0.001578054581247111,-0.001578054581247169
