,list_available_calendars,load_assets,load_custom_fields,load_web_pages,manage_personal_priorities,move_task_to_list
generate_project_update,-0.0006089217587338887,-0.0005322570926391514,-0.01555436998732605,-0.013303902447220513,-0.005794544885834277,-0.004248190061232434
generate_stand_up,-0.0005482293866760254,-0.020007339610045208,-0.021262620010449533,-0.012595905571416918,0.00012715720391855178,-0.004478582111746954
get_cursor_agent,-3.7280006373187773e-05,0.01474482277679885,-0.001543533085439348,-0.0008591399526061473,-0.00041934979720625827,-0.0003241821324549852
gmail_create_draft,-0.00023779105051339262,0.012507712741944324,0.004341079011659321,0.007261413922185698,0.0014204119433169071,0.0006516116895018299
gmail_fetch_drafts,-0.0001666623680432169,-0.0015051919223084216,-0.00393661547606258,-0.00044489062060690655,0.0057826184302139216,-0.0009133124057678166
launch_cursor_agent,-5.018195650624799e-05,0.01754699314645533,-0.0020777225568067983,-0.0011564730784345955,-0.0005644793370916274,-0.00043637582859049767
