,state_persistence=state_accumulating,state_persistence=state_referencing,state_persistence=stateless,state_persistence=unknown
external_integration_scope=calendar_integration,-0.007420498873158099,0.005767649096767735,-0.006128215719309817,0.003378015855718999
external_integration_scope=clickup_only,-0.05176455469413738,-0.037981275030307446,0.014527534869919475,0.06474167537919785
external_integration_scope=email_integration,-0.005110346064300422,0.017180656666968275,-0.008056234015142563,-0.005480696870781936
external_integration_scope=multiple_external_systems,0.0057362428084860185,0.016602723171203673,-0.007699508793241415,-0.01413570324031473
external_integration_scope=unknown,-0.007793470807923861,-0.007148266011830312,-0.0037051572740217156,0.011514627154409913
external_integration_scope=web_research_integration,0.07309979961923779,0.03052587438287422,-0.006150136267343863,-0.07888533028052731
