,search_clickup_support_resources,search_google_calendar,search_public_web,search_users_and_teams,search_workspace,todo_write
use_case_context=entertainment,-0.002352338300919725,-0.007485211075147301,0.02126271808459456,-0.007906262173489553,-0.02179866286111744,-0.03850498430363644
use_case_context=general_productivity,0.012832068983960929,0.05154047682879651,-0.09673999249691814,0.062498735621746064,-0.02265687324871942,0.11887998971776954
use_case_context=personal_productivity,-0.002024395545578762,0.05556406925741345,-0.009287611827232216,-0.02312420904353371,-0.007715883974774503,0.0013633441960212702
use_case_context=personal_use_case,-0.006288076987000287,-0.020969168689473988,0.036923681842967175,-0.044935336547894104,-0.04722326703031068,-0.1244941814284524
use_case_context=specific_use_case,-0.007108600067408002,-0.058870996274163936,0.07086984687923834,-0.019473263342991345,0.061274858672724766,-0.025991090539005144
use_case_context=test_or_placeholder,-1.987590525035711e-05,-0.00246001328539083,0.002421982680488054,-0.002627251974703592,-0.0019792195101082798,-0.00947669242487607
use_case_context=unknown,-0.0004585073815492999,-0.0014589842494456414,-0.0019336469585637037,-0.001558170142080573,-0.004492758552211702,-0.009851750119562089
