,data_flow_direction=bidirectional,data_flow_direction=inbound,data_flow_direction=outbound,data_flow_direction=processing,data_flow_direction=unknown
post_chat_message,0.028990381263984583,-0.014157634972354808,-0.11684423342114066,0.10302276245572364,-0.009947289033667919
post_reply,-0.060640619920477215,-0.008321630942925252,0.2730267683423951,-0.2375217582312041,-0.00166183076960345
post_slack_message,0.005528975342692306,-0.002306171320230885,0.012849664784938366,-0.015113742463504616,-0.0018991783167044325
post_task_comment,-0.004242365989530468,-0.007574765909774431,-0.14186118781306326,0.1437196588229453,-0.005900173248775195
read_memory,0.08963620985663562,0.005930316634612602,-0.1050442812089462,0.05619875492558167,0.01040282423372598
reflect,-0.001866658444791912,-0.000530911797567928,-0.00289555212466368,0.003912626921942978,-0.0003741178420686804
