,state_persistence=state_accumulating,state_persistence=state_referencing,state_persistence=stateless,state_persistence=unknown
rename_memory,-0.0007242760556450534,0.0005519362132429329,-0.00026531427041140914,0.00028802790036089847
retrieve_activity,0.011365649426924798,-0.019832605942540587,-0.006931363402068062,0.004179483628789526
retrieve_chat_messages,0.012377013342248357,0.011769747532715034,-0.004438521210812382,-0.017041905565708695
retrieve_personal_priorities,-0.0296237106094534,-0.0011420056100891005,-0.0074813781698008525,0.02631294802633057
retrieve_tasks_by_filters,0.01407096801298654,-0.03389603024676398,-0.0014052502108586366,0.010043970189553138
search_clickup_help_center,0.03858527230726796,0.0062264558285314965,-0.002081412588810011,-0.03554620866601358
