,state_persistence=state_accumulating,state_persistence=state_referencing,state_persistence=stateless,state_persistence=unknown
create_document_page,0.1902533134002646,-0.021759169286682988,-0.003517218994410293,-0.14302036513663105
create_google_calendar_event,-0.008912927068355591,0.006921949408687088,-0.002901222819197164,0.0034090365083347314
create_list,-0.00017824731510762102,-0.0036967155184496384,-0.0015369427166173938,0.0027140283720100363
create_subtask,-0.009599869308764313,-0.008864627203513678,-0.005952438835383701,0.014424228125990923
create_task,0.0038231022668568427,-0.0011863319679707833,-0.0034791880367042675,-0.0019010781292280884
delete_memory,0.0022755945825005293,-0.0002142270713631405,-0.0006500838181404357,-0.001650916749227169
