,post_chat_message,post_reply,post_slack_message,post_task_comment,read_memory,reflect
update_chat_message,0.009833057545413287,-0.00852959211151903,-0.0004473463806445975,0.0030680147294500117,0.0024046632762675293,0.0004493503779556832
update_comment,-0.004288961410151651,-0.027640285530452214,-0.0009038756808140608,0.07802471303555417,0.007812023568704124,0.026420032304455145
update_document,0.0008983034572415394,-0.04814542331450109,-0.0029141719388764645,0.0007180650996071028,0.06491748424181056,-0.001145263030640272
update_google_calendar_event,-0.0012312017717066796,-0.002689939905717487,-0.000872065895786854,-0.003997213758613847,0.017461766481475155,0.00017416185422819747
update_task,-0.02722669505447472,-0.14050521476135558,-0.002544273963358116,0.15604839057457587,0.04324706261959917,0.00017653971013798254
view_tools_catalog,0.030832738709221767,-0.0008161739188456103,0.005856647053631423,-0.01565344368628984,0.05789467168417981,-0.001573902383718084
