,autonomy_level=autonomous,autonomy_level=consultative,autonomy_level=human_in_the_loop,autonomy_level=unknown
operational_scope=branching_workflow,-0.07682471419149449,0.07052256306084317,0.020026493806094944,-0.06767126676669971
operational_scope=multi_workflow_orchestration,-0.0817493646424648,-0.03986638124023847,0.16381225633349314,-0.008779517384006065
operational_scope=sequential_workflow,0.13094870048319923,-0.04043380954454983,-0.12003790015914408,-0.01563443841304144
operational_scope=single_action,0.04815086991550621,-0.04759231947790654,-0.0280181618763707,0.17580225703323077
operational_scope=unknown,-0.036701729060987384,-0.032569563192236674,-0.017959462000066543,0.7375438028226128
