,state_persistence=state_accumulating,state_persistence=state_referencing,state_persistence=stateless,state_persistence=unknown
edit_image,-0.030866968509919972,0.010254275070049274,0.005982763734909677,0.018152773860002996
find_similar_assets,-0.0012179863412662727,-0.001295961174585872,-0.0009775265168119993,0.0019710756962599708
find_stale_tasks,-0.019134457058980866,-0.010540084250620493,-0.0032962593928194065,0.022981419723863104
follow_up_cursor_agent,-0.0023737939213393632,-0.0017190120917031937,-0.0003725423287260574,0.0031063671701756245
generate_image,-0.01665982797481891,0.01814563797732385,0.002073890241413162,0.0019771353899377436
generate_project_summary,0.008332825639910517,-0.012218810243248144,-0.005146225818416959,0.0016028470533340088
