,autonomy_level=autonomous,autonomy_level=consultative,autonomy_level=human_in_the_loop,autonomy_level=unknown
rename_memory,0.0017351458662691283,-0.0008129621294899285,-0.0012161386292076544,-0.00025977295543464743
retrieve_activity,0.13878245550807183,-0.12104587005040807,-0.02482926224668357,-0.0097837898211159
retrieve_chat_messages,0.02041617865889113,-0.009503035915103751,-0.014324915985368173,-0.0035053336289792955
retrieve_personal_priorities,0.05999977663660972,-0.05667477187472839,-0.004711033220832106,-0.006102077176720516
retrieve_tasks_by_filters,0.16801113108216775,-0.1993586246736368,0.04013187215607906,-0.014120562524122287
search_clickup_help_center,-0.01073068548059479,-0.006297348836596963,0.02295851396270011,-0.0014763719842742745
