,rename_memory,retrieve_activity,retrieve_chat_messages,retrieve_personal_priorities,retrieve_tasks_by_filters,search_clickup_help_center
autonomy_level=autonomous,0.0017351458662691283,0.13878245550807183,0.02041617865889113,0.05999977663660972,0.16801113108216775,-0.01073068548059479
autonomy_level=consultative,-0.0008129621294899285,-0.12104587005040807,-0.009503035915103751,-0.05667477187472839,-0.1993586246736368,-0.006297348836596963
autonomy_level=human_in_the_loop,-0.0012161386292076544,-0.02482926224668357,-0.014324915985368173,-0.004711033220832106,0.04013187215607906,0.02295851396270011
autonomy_level=unknown,-0.00025977295543464743,-0.0097837898211159,-0.0035053336289792955,-0.006102077176720516,-0.014120562524122287,-0.0014763719842742745
