,add_agent_schedule,add_task_to_list,check_calendar_availability,complete_execution,create_custom_field,create_document
write_memory,0.03269709217051768,0.0035099298463423193,0.009312012110262004,-0.003177040808279534,0.009028684414333856,0.017174699846855775
