trigger_source,dormant,failure,success,success_rate
\N,13053,1155,1644,0.10370931112792683
assignment,583,84,571,0.46122778675245457
automation,2183,964,4748,0.6013932868903608
dm,26121,1345,7497,0.2144266796327485
introduction,23316,516,232,0.00964095744680811
manual,25,31,42,0.4285714285670554
mention,237,45,221,0.43936381709654204
scheduled,649,1758,20725,0.8959450112398022
task_comment_mention,924,145,1032,0.4911946692049066
unknown,3449,568,0,0.0
