,rename_memory,retrieve_activity,retrieve_chat_messages,retrieve_personal_priorities,retrieve_tasks_by_filters,search_clickup_help_center
implied_end_date=false,0.0007036834202643878,0.018921509605461694,0.003026957262006692,0.02327590950950824,0.0007887383804176341,0.006741642678208928
implied_end_date=true,-0.0006799643784473382,-0.017584227911611714,-0.0030180014616881658,-0.02281717080504565,0.0014927711606634204,-0.0065800593587144246
implied_end_date=unknown,-0.00018116050940758142,-0.008220701981825429,-0.0003336071863884062,-0.004432137606666734,-0.011000448017496172,-0.001421219312068926
