,search_clickup_support_resources,search_google_calendar,search_public_web,search_users_and_teams,search_workspace,todo_write
domain_knowledge_depth=deep,-0.0013436946646809339,-0.02370353777745472,0.03371887482573712,-0.012881985778949402,0.0312006897509221,0.004211131688059519
domain_knowledge_depth=light,0.0014164484333236132,0.09175916426440058,-0.08610855141308857,0.08936130524798072,0.08061669865761019,0.2081634444868066
domain_knowledge_depth=moderate,0.004188761106369436,-0.08153847727020574,0.08403837975368314,-0.08453264768136105,-0.07237776723222587,-0.25408713157542645
domain_knowledge_depth=none,-0.008344593676213931,0.012518867832370762,-0.03552727503592846,0.01170737515594087,-0.03550160434414988,0.09511170968761114
domain_knowledge_depth=unknown,-0.00045850738154930623,-0.0014589842494456724,0.005004850289406128,-0.001558170142080582,-0.0032205857715188516,-0.005261272621209603
