,output_modality=email_external_message,output_modality=messages,output_modality=structured_document,output_modality=task_artifact,output_modality=unknown,output_modality=visual_image
post_chat_message,-0.020608423963068622,0.22720784152301812,-0.094800758813289,-0.11275172424712239,-0.026228877124033437,-0.09018683117356824
post_reply,-0.019184732617600096,-0.1519608467601382,0.10437428439107321,-0.057263735060954064,0.01541426240020365,0.17931086016887482
post_slack_message,-0.003802956454465535,0.03664670960639801,-0.016307629412114062,-0.017936327696759874,0.008841234529781595,-0.018084744764761282
post_task_comment,0.005391469637446888,0.08323768899103662,-0.05725177758721765,0.025581537596736356,-0.01464164840439732,-0.08762117615285843
read_memory,0.033222406582743676,0.08081853261637259,-0.03540191494623893,0.013485133854581763,0.0010793338982221477,-0.10900742910604864
reflect,-0.0011263565794500348,0.006511762843781777,-0.003230692722122774,-0.002045330208218663,0.0003363930346088108,-0.0035625015440865966
