,post_chat_message,post_reply,post_slack_message,post_task_comment,read_memory,reflect
autonomy_level=autonomous,0.12441543453966732,-0.17887331415090393,0.03079510139994451,0.05298124687500281,0.07190671563877818,0.006700883338042876
autonomy_level=consultative,-0.11704329314175457,0.24293508772237957,-0.02600486220766645,-0.11440578131464495,-0.10930140525058271,-0.005836647052882135
autonomy_level=human_in_the_loop,-0.010659288434174291,-0.08089750545307979,-0.006663404688338733,0.08124200471462331,0.04581913991644683,-0.001204388465951459
autonomy_level=unknown,-0.010920651603743716,-0.0010861159349193415,-0.00201186429914197,-0.0073262712529367216,0.01445764018022961,-0.0005047433970484149
