,team_orientation=individual,team_orientation=larger_team,team_orientation=small_team,team_orientation=unknown
execution_dataset=collection_scoped,-0.10285493883827275,0.07931657228762524,0.08957923937260724,-0.031307644758815985
execution_dataset=collection_unbounded,-0.05235368068320747,0.07868688150184172,0.011218353025269703,-0.006761268200071277
execution_dataset=single_asset_from_user,0.05851752588247813,-0.040789995796282674,-0.04435849299551439,-0.003799986857659646
execution_dataset=single_event_data,0.04009099164111283,-0.04247257201173972,-0.0034001200570099813,-0.036197476214048264
execution_dataset=single_user_prompt,0.08585334127258351,-0.06569048547014066,-0.06640896795375659,0.007211501527279895
execution_dataset=unknown,-0.1503760906496702,-4.0034073705102903e-05,-0.0009352515613475061,0.4356854914450675
