,external_integration_scope=calendar_integration,external_integration_scope=clickup_only,external_integration_scope=email_integration,external_integration_scope=multiple_external_systems,external_integration_scope=unknown,external_integration_scope=web_research_integration
data_flow_direction=bidirectional,0.2600274563722751,-0.5201276932898162,0.39152620638009367,0.35087457672867733,0.042291919121701486,0.13222617355296665
data_flow_direction=inbound,0.010415430049995834,-0.009640725946090369,0.023628469263730544,-0.006204760018774265,0.01701521785058633,-0.007050094337434669
data_flow_direction=outbound,-0.07566775647775001,-0.03698947972735861,-0.06988365740011492,-0.04071572011136526,-0.007049042438156088,0.14748909086233655
data_flow_direction=processing,-0.05966986430084747,0.31091964289634577,-0.13431632821387157,-0.1387512409377946,-0.04711495275223457,-0.21176014289665757
data_flow_direction=unknown,-0.004529383907020594,-0.07327918339344577,-0.006570850385560357,-0.0069594834001183645,0.3701394770762122,-0.013318408542982316
