,functional_archetype=analyzer,functional_archetype=communicator,functional_archetype=creator,functional_archetype=enforcer,functional_archetype=monitor,functional_archetype=organizer,functional_archetype=unknown
implied_end_date=false,0.025585728230168976,0.02160008433818574,0.01575982779703274,0.015073292717378825,0.03302619794526248,-0.06967902114572527,-0.08262478555246264
implied_end_date=true,-0.024189632846089094,-0.022330425402267564,-0.018336799820740227,-0.014360746189311695,-0.031091792227636583,0.07385437512985815,0.030375089664665792
implied_end_date=unknown,-0.00914238691832782,0.0014225612019422456,0.010825825272041205,-0.004859642495256921,-0.012434630298809174,-0.013300797513990997,0.25812614550192664
