,list_available_calendars,load_assets,load_custom_fields,load_web_pages,manage_personal_priorities,move_task_to_list
add_agent_schedule,0.008342895844064136,0.012220891438154139,0.0033463718303577334,-0.000984116304210433,0.0044241774963629165,0.002283952597297473
add_task_to_list,-0.0001866878860462642,0.03488158238142004,0.026997302500032083,-0.004207193415489942,0.0038579447411194482,0.02804141797813368
check_calendar_availability,0.008894966866099325,-0.0060423020764961465,-0.0037524321554352003,-0.004011573935260048,0.004020172712408156,0.0005149363962518584
complete_execution,-8.217241695139057e-05,0.006595265354496329,0.0013791499781830997,-0.0013962064761968555,-0.0008807079259235069,-0.0007145597778998016
create_custom_field,-0.00028089108752090916,0.011305743349635253,0.11086431969032365,-0.004250952031672317,-0.0029875537291130048,0.0014772436697409327
create_document,-0.0008938363077672574,0.13922340267425604,-0.003935897424432405,0.04815176173210746,-0.012479755824145409,-0.006829505916769236
