,post_chat_message,post_reply,post_slack_message,post_task_comment,read_memory,reflect
post_chat_message,1.0,-0.4383164768907369,0.001012118199066563,-0.01285101361690633,0.2703505216413135,0.0076898262654720596
post_reply,-0.4383164768907369,1.0,-0.03176055347289975,-0.245909511841894,-0.3270835210854327,-0.0145251496161094
post_slack_message,0.001012118199066563,-0.03176055347289975,1.0,0.013940536572111934,0.03067918662294648,-0.00041886373911416777
post_task_comment,-0.01285101361690633,-0.245909511841894,0.013940536572111934,1.0,0.06666368303101715,0.007381949769032227
read_memory,0.2703505216413135,-0.3270835210854327,0.03067918662294648,0.06666368303101715,1.0,-0.0029993353055625884
reflect,0.0076898262654720596,-0.0145251496161094,-0.00041886373911416777,0.007381949769032227,-0.0029993353055625884,1.0
