,functional_archetype=analyzer,functional_archetype=communicator,functional_archetype=creator,functional_archetype=enforcer,functional_archetype=monitor,functional_archetype=organizer,functional_archetype=unknown
output_modality=email_external_message,-0.022455115837836218,0.37644714215574665,-0.08370814447127634,-0.016808681704204503,-0.012036380324024275,-0.05121720086101466,-0.004019032677531347
output_modality=messages,0.16496074526906832,0.11088889934759433,-0.3070946227561002,0.07772143141264468,0.31641921408052004,-0.09966430945579535,-0.03284610998453088
output_modality=structured_document,0.043982695397355366,-0.08815433188864066,0.2269293903830986,-0.05889126749735351,-0.10930925749627013,-0.1285496708614548,-0.01007258748146403
output_modality=task_artifact,-0.1262768469798497,-0.09835279163947724,-0.21857283022373936,0.022499103805783304,-0.1593018039876348,0.4807485982070125,-0.015176177944287866
output_modality=unknown,-0.0159845718167663,-0.02477116703875217,0.019783477521456698,0.0020276107295812557,-0.03976851163169514,0.01126164650580512,0.2620768419744709
output_modality=visual_image,-0.13345188476892925,-0.08524015339438436,0.48165491223383444,-0.07204751949443486,-0.15201008527449575,-0.24541996269629046,-0.012711614048928264
