,trigger=\N,trigger=assignment,trigger=automation,trigger=dm,trigger=introduction,trigger=manual,trigger=mention,trigger=scheduled,trigger=task_comment_mention,trigger=unknown
functional_archetype=analyzer,0.012107003123322501,0.00709430855545222,-0.03220724476651565,0.02946920423366978,-0.04122396456952754,0.008959397643661306,0.019631500706213945,0.0038135546639069054,0.027449879771014887,-0.0016362034463139866
functional_archetype=communicator,-0.013415338787574076,-0.0036941564483656424,0.004892338021189666,-0.030537582675088586,-0.04530037748339475,0.006569667068311014,0.010965753180925708,0.08548092150013492,0.007796540135323452,1.4872612267708924e-05
functional_archetype=creator,0.03990108191665525,-0.029507217654625332,-0.17962944235754671,0.13935490973329648,0.22066077983453222,-0.015628431879221496,-0.029158141664039145,-0.29950736908055287,-0.011498239501063153,0.026862213041075316
functional_archetype=enforcer,-0.00022002837224991022,0.024918119224941426,0.16021901646513767,-0.04608433326317482,-0.028915617105363826,0.00259834437870458,0.006863101478238139,-0.03548289264417963,0.018122747199457574,0.006292470571461749
functional_archetype=monitor,-0.05481144894468708,-0.020761053022130334,-0.0031320839889746044,-0.13645267883577297,-0.13939205960129689,0.02031845496023904,0.004417472390134145,0.3743021089615889,-0.038785680793861764,-0.024366371753543406
functional_archetype=organizer,-0.0038704177100849077,0.03427747026031068,0.1519272772763239,-0.035581064731424535,-0.07304367384532628,-0.00855726991304538,0.006995108589366548,0.015194633618158893,0.011860190271952044,-0.013538837250468864
functional_archetype=unknown,-0.0028980218654801972,-0.0007953554098206958,-0.003538123998334569,-0.0034312514692016864,0.001086645510936862,-0.0009533162280080662,-0.00216362682663531,0.00041792365641574023,-0.0024421596867087933,0.018730879693758844
