,external_integration_scope=calendar_integration,external_integration_scope=clickup_only,external_integration_scope=email_integration,external_integration_scope=multiple_external_systems,external_integration_scope=unknown,external_integration_scope=web_research_integration
implied_end_date=false,0.0014201672373236238,-0.011986122611515623,0.016969726337892985,0.016469218182769352,-0.03156999139177809,0.006768391057504108
implied_end_date=true,-0.0005966120961962173,0.015803210821818806,-0.016933117310172788,-0.015432074555003415,0.008167622916297293,-0.005259075367156873
implied_end_date=unknown,-0.004079879921246931,-0.017126395442473432,-0.0018051516273513962,-0.006548002352906259,0.11509114808305458,-0.007877218938941031
