,list_available_calendars,load_assets,load_custom_fields,load_web_pages,manage_personal_priorities,move_task_to_list
functional_archetype=analyzer,-0.0021265660927068564,0.06224464767197093,0.008595369430252296,0.0747558912300505,-0.010286914686629362,-0.015205187029257652
functional_archetype=communicator,0.004352144137979983,-0.022322750192562454,-0.025493087077088118,-0.007387968924299885,-0.00748413118166471,-0.0064778896789299085
functional_archetype=creator,-0.004889958510897118,-0.17260136615811036,-0.17526292888847783,-0.016996718923237786,-0.054252141303683964,-0.03802731279875973
functional_archetype=enforcer,-0.001154624517853028,0.09044037122652492,0.12579831317634238,-0.013173787811144644,-0.010590557016680293,-0.005543290657352715
functional_archetype=monitor,-0.0018564615181384182,-0.01780584488524529,-0.01585200121758452,0.01421420527301015,0.017604202380219727,-0.01659706270845505
functional_archetype=organizer,0.0066333832917632295,0.13110076081888367,0.15669342197975625,-0.03496141355668556,0.06047662809163802,0.06946067417442334
functional_archetype=unknown,-0.00019752071336359714,-0.004832125092720199,-0.005290149284349362,-0.0026867039821006082,-0.001930515493608292,-0.0013341263300225901
