,use_case_context=entertainment,use_case_context=general_productivity,use_case_context=personal_productivity,use_case_context=personal_use_case,use_case_context=specific_use_case,use_case_context=test_or_placeholder,use_case_context=unknown
external_integration_scope=calendar_integration,-0.009711079822943952,0.03999745667923633,0.07161511713736853,-0.002425575637722277,-0.06692703527802442,-0.0003793389230795451,-0.0018928407448424297
external_integration_scope=clickup_only,-0.003302250256215177,0.12108162475721604,-0.021320422300381194,-0.05765870574685921,-0.06871634740233773,-0.013086123509504406,-0.024229359416296708
external_integration_scope=email_integration,-0.008889282412929267,-0.013649873620532816,-0.017551597924953654,-0.04894585658262856,0.0559600615329179,-0.000895103355308384,-0.0020654635337130113
external_integration_scope=multiple_external_systems,-0.006372531855214234,0.0021903978651545922,0.023361568280852563,-0.010081160601823567,-0.004326996399322919,0.001212268650804997,-0.0021876253959478707
external_integration_scope=unknown,0.00790387188106948,-0.0012560466041711188,-0.008132375076389663,-0.020569765657867143,0.011338219499094731,0.0752991262383045,0.1219329471072505
external_integration_scope=web_research_integration,0.014827542627088656,-0.17097472907959518,-0.008415500263813987,0.11461031569953994,0.0913648575102542,-0.0070588692068452585,-0.004186472915754231
