,edit_image,find_similar_assets,find_stale_tasks,follow_up_cursor_agent,generate_image,generate_project_summary
state_persistence=state_accumulating,-0.030866968509919972,-0.0012179863412662727,-0.019134457058980866,-0.0023737939213393632,-0.01665982797481891,0.008332825639910517
state_persistence=state_referencing,0.010254275070049274,-0.001295961174585872,-0.010540084250620493,-0.0017190120917031937,0.01814563797732385,-0.012218810243248144
state_persistence=stateless,0.005982763734909677,-0.0009775265168119993,-0.0032962593928194065,-0.0003725423287260574,0.002073890241413162,-0.005146225818416959
state_persistence=unknown,0.018152773860002996,0.0019710756962599708,0.022981419723863104,0.0031063671701756245,0.0019771353899377436,0.0016028470533340088
