,functional_archetype=analyzer,functional_archetype=communicator,functional_archetype=creator,functional_archetype=enforcer,functional_archetype=monitor,functional_archetype=organizer,functional_archetype=unknown
state_persistence=state_accumulating,0.0564647882983786,-0.03375007839342012,-0.02260572928301928,-0.022883644092859055,-0.011452555909102345,0.01970983594584861,-0.010872831727282931
state_persistence=state_referencing,-0.014408286952187743,0.047719329147136606,0.050729483936269464,-0.023166463929736786,-0.036200636327684645,-0.030036029933537135,-0.004061380246090432
state_persistence=stateless,-0.0003310367502442057,-0.0011118239526098346,0.009895321752805568,0.0053773513530358695,-0.0010364898326851652,-0.011240981434807762,-0.0018394286982299298
state_persistence=unknown,-0.037514118631278355,-0.0021607250932589124,-0.014892169340261881,0.03281253985630797,0.03255532408056334,0.004373841009738742,0.0118325656475851
