,list_available_calendars,load_assets,load_custom_fields,load_web_pages,manage_personal_priorities,move_task_to_list
domain_knowledge_depth=deep,0.011923470122920377,0.06931489597757705,0.04210089186492514,0.016654264830188437,-0.01742497981839642,-0.0035329886262798964
domain_knowledge_depth=light,-0.0011592122339646486,0.0708372224473599,0.08457929835951936,-0.057760779662119316,0.03411568728061216,0.031374227654620876
domain_knowledge_depth=moderate,-0.005994322595343988,-0.07688965948043686,-0.0775579589530043,0.06309579031299482,-0.05897038488674895,-0.02630334944429002
domain_knowledge_depth=none,0.0013449201976045556,-0.046669282999061264,-0.0430619597580472,-0.02995416347073102,0.062341060437051656,-0.0026545208136307917
domain_knowledge_depth=unknown,-7.856083465862246e-05,-0.0029322823104226676,-0.0030824213213684532,0.0019753862942469905,-0.0008837034455590182,-0.0006831548968133332
