,autonomy_level=autonomous,autonomy_level=consultative,autonomy_level=human_in_the_loop,autonomy_level=unknown
post_chat_message,0.12441543453966732,-0.11704329314175457,-0.010659288434174291,-0.010920651603743716
post_reply,-0.17887331415090393,0.24293508772237957,-0.08089750545307979,-0.0010861159349193415
post_slack_message,0.03079510139994451,-0.02600486220766645,-0.006663404688338733,-0.00201186429914197
post_task_comment,0.05298124687500281,-0.11440578131464495,0.08124200471462331,-0.0073262712529367216
read_memory,0.07190671563877818,-0.10930140525058271,0.04581913991644683,0.01445764018022961
reflect,0.006700883338042876,-0.005836647052882135,-0.001204388465951459,-0.0005047433970484149
