,add_agent_schedule,add_task_to_list,check_calendar_availability,complete_execution,create_custom_field,create_document
team_orientation=individual,-0.029722487096744694,0.0029852036888591738,0.0008149290369894531,-0.0004260140286909058,0.0024376804631348037,0.004509956679966645
team_orientation=larger_team,0.02715071688036138,-0.0031329724390564695,5.561036917908282e-05,-0.0016272467290976787,-0.0033476982352703254,-0.007277801297198248
team_orientation=small_team,0.02042097095969051,-0.0003980387530518925,-0.0004778631866926472,0.0022983604080401092,0.0006116066367168102,0.000649977831460599
team_orientation=unknown,-0.004431434065302617,-0.002432853999780403,-0.0014129689531200717,-0.0009702271417650569,-0.0026684863527293356,-0.002058177280170168
