,template_is_custom,template_is_templated,template=custom,template=unknown
search_clickup_support_resources,0.006787086700845847,,0.006787086700845847,-0.006787086700845836
search_google_calendar,0.021596713585496613,,0.021596713585496613,-0.02159671358549656
search_public_web,0.02862294062148592,,0.02862294062148592,-0.02862294062148586
search_users_and_teams,0.023064919507371176,,0.023064919507371176,-0.023064919507371193
search_workspace,0.07086672467751505,,0.07086672467751505,-0.07086672467751505
todo_write,0.17270224031690376,,0.17270224031690376,-0.1727022403169034
