,operational_scope=branching_workflow,operational_scope=multi_workflow_orchestration,operational_scope=sequential_workflow,operational_scope=single_action,operational_scope=unknown
edit_image,0.012863062705959376,-0.03463886717254188,0.00876173358276733,-0.0002979642356087164,-0.005332335478002836
find_similar_assets,0.0009675042665130258,-0.0025562003692692686,0.0008229854129456357,-0.001150962404776456,-0.0007240679316719685
find_stale_tasks,0.01602315577350761,0.05527060932982159,-0.05084538920383064,-0.007753364797629945,-0.004591820278466189
follow_up_cursor_agent,0.005214163159369476,-0.002087653295020024,-0.004185514166954831,-0.0004386399828313153,-0.00027594745388662324
generate_image,-0.028206118107202482,-0.04265061915227579,0.057593822867027675,0.0032957114656531764,-0.006594690446598726
generate_project_summary,0.005289916927467983,0.06213021823532499,-0.043704976604690686,-0.007608624360659137,-0.0045057785789151495
