,use_case_context=entertainment,use_case_context=general_productivity,use_case_context=personal_productivity,use_case_context=personal_use_case,use_case_context=specific_use_case,use_case_context=test_or_placeholder,use_case_context=unknown
update_chat_message,-0.0007069907226892234,-0.00027600013010215695,-0.0023258107240177184,-0.004158494263181147,0.0042401027502282414,-0.0002323523749701729,-0.00013780350594688796
update_comment,-0.0019169672960479335,-0.00320718628350811,-0.005964185033763124,-0.011256972069780618,0.013490591823049099,0.005541315470820463,-0.0004971692862712886
update_document,-0.005490458127951143,-0.012334194973514075,-0.008649250469291214,-0.011860115988431362,0.024736010697070866,0.0012834909415981224,-0.001726220300136508
update_google_calendar_event,-0.0019247503151342117,0.006447037006360853,0.023659359567416844,0.0005420350813705147,-0.016529252745965773,-0.0006325688479261725,-0.0003751638217952417
update_task,-0.013346403894060251,0.03223560461176644,-0.008853429979070931,-0.0499815711219684,0.008315593996960129,0.0008909475244737184,-0.002841688854258638
view_tools_catalog,-0.011527144982826004,0.0018299719888084742,0.008552835616192953,-0.04136744842206523,0.024555183328103494,0.0033554903180338085,-0.003727770001018257
