,rename_memory,retrieve_activity,retrieve_chat_messages,retrieve_personal_priorities,retrieve_tasks_by_filters,search_clickup_help_center
post_chat_message,-0.0005886499884012371,0.25104585729906337,0.11093286134793451,0.19622202904908026,0.36029837427682043,0.030451852974594452
post_reply,0.0018345553430636073,-0.2167821858393074,-0.03491570713656254,-0.13867320994339005,-0.3859366037702751,-0.024864196495638164
post_slack_message,-0.00021649402004090437,0.030756913368119646,0.00014235298838642763,0.00996585005851461,0.039129417414022885,-0.000204626319154882
post_task_comment,-0.0009250531798238898,0.04849672741314762,-0.028812699555469824,-0.005959286691889966,0.12655431721653354,-0.0029573578880560123
read_memory,0.007486301239449467,0.1694870621388519,0.052333384856290494,0.10378427964599095,0.2936615739343073,0.05100264408322719
reflect,-4.264700943880958e-05,-0.002169437594786951,-0.0011753859120178466,-0.001272955001381844,0.016334665098949545,-0.00033456934745120247
