,execution_dataset=collection_scoped,execution_dataset=collection_unbounded,execution_dataset=single_asset_from_user,execution_dataset=single_event_data,execution_dataset=single_user_prompt,execution_dataset=unknown
generate_project_update,0.12507977232461345,0.002846231350740965,-0.034954002009192416,-0.04930965512812868,-0.05798138397242958,-0.005677500152269891
generate_stand_up,0.04935797248872436,0.09721677496179676,-0.03032432108230353,-0.04782311226168264,-0.04857398817819249,-0.0037058204183577858
get_cursor_agent,0.009582931931426848,-0.0020233495169081116,-0.0021029607762823215,-0.0035276608445699307,-0.003563885346267368,-0.00042279033529502507
gmail_create_draft,0.032300158355732037,0.018506334158496743,-0.015262811272045743,-0.012957684179848413,-0.022710015366684492,-0.0002498177238583213
gmail_fetch_drafts,0.022435131127197944,0.00988132921145465,-0.009309766869778085,-0.01383354490902318,-0.009687289066980978,-0.0011471911001595077
launch_cursor_agent,0.012899414999324411,-0.0027235949596684022,-0.002830758266330177,-0.004748521802783882,-0.004797282963134616,-0.0005691105844953782
