,state_persistence=state_accumulating,state_persistence=state_referencing,state_persistence=stateless,state_persistence=unknown
update_chat_message,0.0014801133709355884,0.004127323800824355,-0.0005262133903547149,-0.0037616958924245347
update_comment,0.0015921966607565998,-0.002113639625205147,0.0015245241948802814,-0.00020043839281624228
update_document,0.22882099618588223,-0.019134849620382758,-0.003576445043885246,-0.1765656594095716
update_google_calendar_event,-0.005590438970005137,0.004969162211478138,-0.0016445758119586966,0.0017150909875841296
update_task,-0.01532574755214167,-0.019068720741522622,0.0053468855940700735,0.023971419976794323
view_tools_catalog,0.008874002060019584,-0.0069891436999397,-0.005434352629708665,-0.0021156090204156957
