,rename_memory,retrieve_activity,retrieve_chat_messages,retrieve_personal_priorities,retrieve_tasks_by_filters,search_clickup_help_center
domain_knowledge_depth=deep,-0.0011914562840210801,-0.033635045915801264,-0.006954644370984143,-0.04047989997951315,-0.015130055797953557,-0.006878032396888446
domain_knowledge_depth=light,-0.001309368453276605,0.1612177590318854,0.008785287299286414,0.04237313796349565,0.18812250974910769,-0.0011377572886531763
domain_knowledge_depth=moderate,0.0016744835788629348,-0.16646111544466863,-0.012467623179906904,-0.13246140593197567,-0.24437463680136576,0.010581578077737587
domain_knowledge_depth=none,0.00034553810837687876,0.054879845046642596,0.013676624555172698,0.19742163719874922,0.12899852250925814,-0.010148818418181394
domain_knowledge_depth=unknown,-6.052400560714126e-05,-0.002078032254615854,-0.0018155980006031274,0.0022118292854837523,-0.005040448340050931,-0.00047481587402204697
