,rename_memory,retrieve_activity,retrieve_chat_messages,retrieve_personal_priorities,retrieve_tasks_by_filters,search_clickup_help_center
update_chat_message,-4.997404176041676e-05,0.0028674754230151953,0.008121488128089407,0.000655821225346141,0.001540942209200454,0.0011091791235261208
update_comment,-0.00010241873527175115,0.001668166632241201,-0.0020432231458478826,-0.004129439161557757,0.0106199518856825,-0.001230829863277536
update_document,-0.00021321072670113094,0.020902642967738895,0.0028111161846280422,-0.015496036696877078,0.01954713580261902,0.012500413332636589
update_google_calendar_event,-0.00013605207188719263,-0.006572819844746569,-0.0016105246070641983,0.000955351575148221,0.00011010009422540175,-0.0008816914923685474
update_task,0.0005089778561965621,-0.023597737293437324,-0.018861548275106107,9.148385412873077e-05,0.10195923682130627,-0.0023405439132628803
view_tools_catalog,-0.0005899777752286769,0.014582515743739592,0.015824777715727857,0.021943643145689046,0.04874881569337565,-0.002156523915313102
