,post_chat_message,post_reply,post_slack_message,post_task_comment,read_memory,reflect
generate_project_update,0.09787278535679761,-0.09364285329405986,0.009945141523015354,0.006458829506412432,0.06309993100599169,-0.0009380285556404444
generate_stand_up,0.11171582953700626,-0.08000782887495361,0.013564446060512915,-0.011491542108245116,0.056385253068769056,-0.0008206549551624388
get_cursor_agent,-0.003317154007812207,-0.010327413737469992,-0.0002832902224070938,0.022018485685297087,-0.0024531542582422097,-5.580514781255705e-05
gmail_create_draft,0.005908222031033874,-0.030686941882943297,0.004297534865061355,0.008668716782240486,0.03471153696436531,-0.0004940104074728166
gmail_fetch_drafts,0.016153383790328293,-0.01908529407765232,0.000624477000952215,-0.001592811871869125,0.028062711807284375,-0.00024948005615502676
launch_cursor_agent,-0.004465162277018221,-0.01390154877678569,-0.0003813319524994022,0.031622713986877,-0.00330214751193729,-7.511832139515487e-05
