,post_chat_message,post_reply,post_slack_message,post_task_comment,read_memory,reflect
use_case_context=entertainment,-0.002570460167749274,0.015337927792226293,-0.003062775358863295,-0.01584002648513495,-0.005435022965281222,-0.0006033340302596806
use_case_context=general_productivity,0.11614723272362218,-0.1067334916264188,0.024603017316328565,0.03215282669467509,0.010924058739112067,0.002340941196454898
use_case_context=personal_productivity,0.02721096496808197,-0.009423475007848174,-0.009817886685363786,-0.03003479602909638,0.031217739826523684,-0.002016879024768132
use_case_context=personal_use_case,-0.04213302268057917,0.11542741339269864,-0.01814289821967148,-0.07487668157245367,-0.026589397128802872,-0.003586233902008957
use_case_context=specific_use_case,-0.0962200136660221,0.02771519810491497,-0.0070558940321098365,0.03497366020769998,-0.004815487509951223,0.0011210271456070133
use_case_context=test_or_placeholder,-0.005347300253466414,-0.004388084720143956,-0.0010065805756617119,-0.0006666559847023764,-0.0032292649404806694,-0.00019828562148302176
use_case_context=unknown,-0.005158177502403811,-0.001270210421341303,-0.0005969826319271652,-0.0015834704773572043,-0.0026918153554588435,-0.00011759920174142978
