,operational_scope=branching_workflow,operational_scope=multi_workflow_orchestration,operational_scope=sequential_workflow,operational_scope=single_action,operational_scope=unknown
tone_and_persona=casual_friendly,0.0917168884045058,-0.04233659646675355,-0.0660415671478227,-0.02356779565869626,-0.023063905484124732
tone_and_persona=empathetic_supportive,-0.0025410025460897096,0.013017692989577336,-0.004102148955337326,-0.006768705378700774,-0.004991318099832045
tone_and_persona=professional_formal,-0.03678243815027291,0.029034810769333962,0.024216862836659327,-0.01791826672105044,-0.005831290347875228
tone_and_persona=technical_precise,-0.056681637083906194,-0.00031489289517609107,0.06038098915454553,0.006893538263601271,-0.0029029962053668916
tone_and_persona=unknown,-0.07912502945595214,0.01106401129119003,0.04078615628424083,0.16981971067211982,0.13330688914637548
