,external_integration_scope=calendar_integration,external_integration_scope=clickup_only,external_integration_scope=email_integration,external_integration_scope=multiple_external_systems,external_integration_scope=unknown,external_integration_scope=web_research_integration
state_persistence=state_accumulating,-0.007420498873158099,-0.05176455469413738,-0.005110346064300422,0.0057362428084860185,-0.007793470807923861,0.07309979961923779
state_persistence=state_referencing,0.005767649096767735,-0.037981275030307446,0.017180656666968275,0.016602723171203673,-0.007148266011830312,0.03052587438287422
state_persistence=stateless,-0.006128215719309817,0.014527534869919475,-0.008056234015142563,-0.007699508793241415,-0.0037051572740217156,-0.006150136267343863
state_persistence=unknown,0.003378015855718999,0.06474167537919785,-0.005480696870781936,-0.01413570324031473,0.011514627154409913,-0.07888533028052731
