,use_case_context=entertainment,use_case_context=general_productivity,use_case_context=personal_productivity,use_case_context=personal_use_case,use_case_context=specific_use_case,use_case_context=test_or_placeholder,use_case_context=unknown
state_persistence=state_accumulating,-0.005574948439682158,-0.07084137150412605,0.010962744027047855,0.036017800540692084,0.04134009904609502,-0.005333282455562086,-0.004661694294223335
state_persistence=state_referencing,0.038178232681139346,-0.03338164761841969,0.049036223494598234,0.04139314469206269,-0.02150699603513835,-0.00404293558993859,-0.0005961313075949298
state_persistence=stateless,0.0009618829765734867,0.008679282039848784,-0.001497400014840474,0.005061553661999157,-0.012080427060321237,0.013058027358734296,-0.0007316045561356099
state_persistence=unknown,-0.019717310170484247,0.07845726642647771,-0.03991141142746645,-0.05674620133789538,-0.018792665937626813,0.005062231099450436,0.004339350008050122
