,tone_and_persona=casual_friendly,tone_and_persona=empathetic_supportive,tone_and_persona=professional_formal,tone_and_persona=technical_precise,tone_and_persona=unknown
data_flow_direction=bidirectional,-0.03553907928946036,-0.012337920464735223,0.04633392576620243,-0.011151183104179493,0.00038701294424350305
data_flow_direction=inbound,-0.00460694512419796,-0.017225413316522283,0.011200541497625982,0.0030176009324807073,0.00932201565631733
data_flow_direction=outbound,0.1754396352260074,0.10178970276193161,-0.22757603750291966,0.001018681346479836,0.0009324875928990603
data_flow_direction=processing,-0.15279994688039072,-0.0917552333855968,0.2002548071313945,0.004647427739588908,-0.012944981851469358
data_flow_direction=unknown,-0.021442540824436505,-0.005888530288211037,-0.005987323706346276,-0.003356710002661934,0.13089502644395132
