,data_flow_direction=bidirectional,data_flow_direction=inbound,data_flow_direction=outbound,data_flow_direction=processing,data_flow_direction=unknown
use_case_context=entertainment,-0.013666098280609109,-0.0038655821273614957,0.06553423789499206,-0.05919045438396516,0.023226374692219998
use_case_context=general_productivity,-0.035278866266113984,0.010131791885453463,-0.2189766306476387,0.2353160807778371,-0.024297325349027066
use_case_context=personal_productivity,0.019180653160049077,-0.008629625338244021,0.05407983329790568,-0.062206871213694885,-0.000997595896916061
use_case_context=personal_use_case,-0.015417142321876492,-0.017217427470132305,0.16355721406452256,-0.1520617759234435,0.004521671170655029
use_case_context=specific_use_case,0.039220546197207586,0.006170505982046271,0.07129745625638229,-0.09167460198004097,0.004339204086580338
use_case_context=test_or_placeholder,-0.0028833039441096197,-0.0012704228770050146,-0.002326569830716845,-0.009713471354428271,0.16624111736920488
use_case_context=unknown,-0.0035725612292631646,-0.0007534621779049862,-0.006935731058795712,-0.011578101731627684,0.24804926874640784
