,rename_memory,retrieve_activity,retrieve_chat_messages,retrieve_personal_priorities,retrieve_tasks_by_filters,search_clickup_help_center
execution_dataset=collection_scoped,-0.0026313418741918653,0.2160445395561655,0.013496841455928095,0.04238557161434382,0.3808582771293606,0.019766550288238142
execution_dataset=collection_unbounded,0.000897036780055827,0.148698636083685,0.019439286054160905,0.21246872727604937,0.21270685830358724,0.0055019531422976
execution_dataset=single_asset_from_user,0.007542494946380275,-0.0890833733176822,0.016670985883229097,-0.05123470653857775,-0.15631154771537806,-0.012158013400787043
execution_dataset=single_event_data,-0.0007419340425289609,-0.11888893321917697,-0.022563984826391752,-0.07662270739287876,-0.17527231546943114,-0.008013641077892215
execution_dataset=single_user_prompt,-0.0024039654189171415,-0.14468294055131387,-0.01630940207796205,-0.07792944959928985,-0.25727927163377884,-0.00922685038918704
execution_dataset=unknown,-0.000323101794847444,-0.010621581285278557,-0.002746891449084915,0.003366444648314063,-0.009699692822190393,0.008658402129400876
