,use_case_context=entertainment,use_case_context=general_productivity,use_case_context=personal_productivity,use_case_context=personal_use_case,use_case_context=specific_use_case,use_case_context=test_or_placeholder,use_case_context=unknown
operational_scope=branching_workflow,0.004961901779834844,0.09084660760844716,0.006386440740607296,-0.033984938085093785,-0.06802916192361126,-0.021681245152100296,-0.01629889121327864
operational_scope=multi_workflow_orchestration,-0.017802234039183174,-0.03863184847118898,0.013775783922202776,-0.03471975675661464,0.058819601445146114,-0.005513567151907972,-0.004099766776814584
operational_scope=sequential_workflow,0.00043939914530152226,-0.06825866072317896,-0.01573082036350921,0.05411413679400753,0.03710908081509893,-0.007624612830881262,-0.008219579355681704
operational_scope=single_action,0.023648722039077186,-0.016296997943051,0.0002607762627300312,0.027654194279552458,-0.013956306504470968,0.15046030052560666,0.04010873374707214
operational_scope=unknown,0.02264669830463515,-0.0260014219308551,0.0006369564388564071,0.004999452487855089,0.006619633989087355,0.13395179438772048,0.24302453216974454
