,domain_knowledge_depth=deep,domain_knowledge_depth=light,domain_knowledge_depth=moderate,domain_knowledge_depth=none,domain_knowledge_depth=unknown
team_orientation=individual,-0.0450296977764423,-0.06747228916075926,0.08316887002527627,0.010707032483346701,-0.05993652516406758
team_orientation=larger_team,0.009286471878109855,0.0630431885751497,-0.07519211420134671,0.018378964647244474,-0.0015895049684957294
team_orientation=small_team,0.037683983938336094,0.049420060487812285,-0.05203150699491019,-0.025534296963750817,-0.0020410760116581833
team_orientation=unknown,0.03276508462911196,-0.019059886743440366,4.8707540200823445e-05,-0.006956957882496064,0.17992437669939637
