,execution_dataset=collection_scoped,execution_dataset=collection_unbounded,execution_dataset=single_asset_from_user,execution_dataset=single_event_data,execution_dataset=single_user_prompt,execution_dataset=unknown
add_agent_schedule,0.027596318735772306,0.01493285531658378,-0.021453273879160694,0.001528928907236644,-0.025814779798207673,0.002451510721826449
add_task_to_list,0.0032398913532273215,0.011663871016876616,-0.010223445341902303,0.011841735220242683,-0.015600389509503147,-0.0021151746152297843
check_calendar_availability,0.007791424261139553,0.006423915893371164,-0.011921125837016365,-0.004366464542896436,0.0004285240456882602,-0.0012910797264787893
complete_execution,-0.003864224572372546,0.004084663883528309,-0.004635336378734265,0.01258015843630832,-0.007855499532613901,-0.0009319124939813883
create_custom_field,0.01623634269992281,-0.010415690602484299,-0.009143723190542161,-0.001800098035536392,-0.0013932090764260845,-0.0011734404674259022
create_document,-0.0060842385241597794,-0.009948933667145051,0.018135669920616406,0.0028009866806190985,-0.002041581918207641,-0.002432412190528468
