,autonomy_level=autonomous,autonomy_level=consultative,autonomy_level=human_in_the_loop,autonomy_level=unknown
output_modality=email_external_message,0.010432003464975656,-0.031158134000780092,0.02783170093589809,-0.004253559698022397
output_modality=messages,0.11816218083315302,-0.0940265262057501,-0.02694474381047812,-0.049398416891377965
output_modality=structured_document,-0.017447689574940233,0.03707306199331455,-0.02648342509765762,0.005930521508450501
output_modality=task_artifact,-0.042386633497548454,-0.06360477225195282,0.14434964698618483,-0.022178852810597966
output_modality=unknown,-0.027192105582395987,0.010430534829974648,-0.021973249400407457,0.2988199204258206
output_modality=visual_image,-0.10201620124492419,0.17861695520690557,-0.09771794052155378,-0.009996428724294347
