,operational_scope=branching_workflow,operational_scope=multi_workflow_orchestration,operational_scope=sequential_workflow,operational_scope=single_action,operational_scope=unknown
generate_project_update,0.023604663080148563,0.02908241330584602,-0.04269592251141611,-0.005641292918261097,-0.003908455689840229
generate_stand_up,0.026510532403606284,0.00033569333973257234,-0.02774966450039169,-0.004302414728559253,-0.0035417961600115798
get_cursor_agent,0.004859093794479811,-0.0019454901699094192,-0.003900492810397042,-0.0004087698741755768,-0.0002571562338576961
gmail_create_draft,-0.00430600363012006,0.01634026153134503,-0.005536327310848229,-0.0003229033549296477,-0.002056192884837454
gmail_fetch_drafts,-0.002600152628037673,0.016780770444400066,-0.007524392600718664,-0.0017532847096709593,-0.0011496314260992862
launch_cursor_agent,0.006540740122559035,-0.0026187898712363403,-0.005250384310691765,-0.0005502378900261246,-0.00034615345323649833
