,domain_industry_vertical=creative_design,domain_industry_vertical=education_academic,domain_industry_vertical=finance_accounting,domain_industry_vertical=general_cross_functional,domain_industry_vertical=hr_people,domain_industry_vertical=it_engineering,domain_industry_vertical=legal_compliance,domain_industry_vertical=marketing_content,domain_industry_vertical=personal_productivity,domain_industry_vertical=project_management_ops,domain_industry_vertical=sales_crm,domain_industry_vertical=unknown
state_persistence=state_accumulating,-0.049869456681799096,0.009531173470412204,0.03203950912355668,0.010375059722704768,0.01802417841798614,0.012856244971246683,0.015501191205782274,-0.0029437223255428338,0.01993294902733087,-0.012278950677019685,0.008050509425962285,-0.006050158834051802
state_persistence=state_referencing,0.051380167770912484,0.001664486685113222,-0.008292188653924804,0.010894750102576923,-0.005352805117412588,-0.009446378959634405,-0.010379127093679746,0.02478994358553593,0.043834780348235014,-0.064665252883114,-0.014683499079615069,-0.004381297002644503
state_persistence=stateless,0.011570318200459931,0.00808371409464411,-0.004443762656149721,0.006917366882830854,-0.0008737362323020715,-0.004106309754954953,-0.0012548768199704893,-0.007179049743333566,-0.008453943351695548,-0.002157927269488117,-0.006081670110469976,-0.0009495096608590208
state_persistence=unknown,0.0069949480391374675,-0.010117604696421917,-0.020590360983766105,-0.016492420674608637,-0.011385255604924939,-0.00404596363744572,-0.006059025850949211,-0.01222112716337451,-0.04301656331377105,0.05143545119786349,0.00353447921165264,0.007917289958279942
