,execution_dataset=collection_scoped,execution_dataset=collection_unbounded,execution_dataset=single_asset_from_user,execution_dataset=single_event_data,execution_dataset=single_user_prompt,execution_dataset=unknown
functional_archetype=analyzer,0.08649061750122253,0.07218422132686296,-0.02077869544427732,-0.04539939560450633,-0.07952455046049763,-0.002764285336993673
functional_archetype=communicator,0.04330062225687786,0.026169888356810594,-0.05503737734195783,0.02033836992616893,-0.04438564056732648,-0.0008688307099563816
functional_archetype=creator,-0.3705266671918359,-0.208781764816341,0.22678811101973909,-0.061220363128695686,0.43247847437188,-0.010391379361829317
functional_archetype=enforcer,0.0008898161866430088,-0.022251630942672806,-0.049986541298789676,0.14261071063033712,-0.09306333510583797,0.00505822851046306
functional_archetype=monitor,0.2777830449144787,0.27714723322895113,-0.1334360132822761,-0.15769080326431587,-0.2251321175809381,-0.02394396867922882
functional_archetype=organizer,0.11369142504069975,-0.034430537446410316,-0.08447212698041667,0.15012354984206328,-0.18437617612833926,-0.003235870845751946
functional_archetype=unknown,-0.020778849453126996,-0.010720315762902395,-0.00937830746791066,-0.018064472395253075,-0.018259582453559357,0.45519801310042424
