,external_integration_scope=calendar_integration,external_integration_scope=clickup_only,external_integration_scope=email_integration,external_integration_scope=multiple_external_systems,external_integration_scope=unknown,external_integration_scope=web_research_integration
operational_scope=branching_workflow,0.010731039433078559,0.061131297615502025,0.0062512172785926905,-0.056260777475566584,-0.039700280206388106,-0.043975295114106104
operational_scope=multi_workflow_orchestration,0.049704358805717844,-0.12735493918716492,0.05184572556293122,0.1697968364644227,0.0111667948465402,0.015261021010012674
operational_scope=sequential_workflow,-0.04130989180437439,0.018758876894891773,-0.03803799443188335,-0.04530795904280371,-0.0011611465824744132,0.04177615342449904
operational_scope=single_action,-0.009769663691022439,0.023733562380113912,-0.00726608062680779,-0.011291158254377806,0.014829729992755022,-0.020705709459430812
operational_scope=unknown,-0.004683870904744678,-0.07431283539299983,-0.006706582095906489,-0.007103242963888079,0.37368840500355105,-0.012878339077104176
