,list_available_calendars,load_assets,load_custom_fields,load_web_pages,manage_personal_priorities,move_task_to_list
team_orientation=individual,-0.00572401309330674,-0.025190068192449473,-0.012548616755189894,0.003906015340892511,-0.0005040942740011558,0.0030489761935322706
team_orientation=larger_team,0.0089909247199714,0.005283239554195541,0.003926478949153141,-0.006694252953089146,0.006134610322871549,-0.004111258349855481
team_orientation=small_team,-0.0009607752637773285,0.030638194799927385,0.017814887101447022,-0.0009263430899738787,-0.0018739589988682897,0.00039963473562461824
team_orientation=unknown,0.003322764982030767,-0.0024445891996845064,-0.008921877661226285,0.0020946575266984954,-0.004911527063592218,-0.0026781362390787423
