,edit_image,find_similar_assets,find_stale_tasks,follow_up_cursor_agent,generate_image,generate_project_summary
team_orientation=individual,0.025120941522078864,-0.0031814603711286605,-0.04651124377647621,0.001417918003591717,0.028970199701761054,-0.019477300749269007
team_orientation=larger_team,-0.015680394766429812,0.00782577255353098,0.0510159510856934,-0.0008093961109439425,-0.019664708887509392,0.02215563075685828
team_orientation=small_team,-0.01836290309562044,-0.0013278761828940135,0.024143612313338975,-0.0010393418194474264,-0.021943261045066987,0.010741401872610525
team_orientation=unknown,-0.006203625458316354,-0.0012393831663062406,-0.004548465973296554,-0.00047233776579832826,-0.002816287346692977,-0.004609817780887932
