,use_case_context=entertainment,use_case_context=general_productivity,use_case_context=personal_productivity,use_case_context=personal_use_case,use_case_context=specific_use_case,use_case_context=test_or_placeholder,use_case_context=unknown
tone_and_persona=casual_friendly,0.06401156889810206,0.04158082521354932,0.11348934590919865,0.03406016148600749,-0.12087139721894453,-0.008099972808240014,-0.007445127859906333
tone_and_persona=empathetic_supportive,-0.01084325312266602,-0.1406406238304683,0.08259104224453588,0.3515345222877029,-0.13743153185416382,-0.007529887714383241,0.0021400861554172813
tone_and_persona=professional_formal,-0.0539844664067505,0.06967163463985712,-0.14666085247400865,-0.23003425973623326,0.1602732356335784,-0.007611497126496012,-0.004489037002355282
tone_and_persona=technical_precise,-0.007189012311675613,-0.031206248099662676,-0.026682941221487268,-0.04143463741488667,0.07164087831073611,0.002194490758981467,-0.0034714486429926568
tone_and_persona=unknown,0.018628999190172354,-0.025108782628093712,0.012334861815959925,0.0076384060148441185,0.006968071336146757,0.07822024267346771,0.04954612928716212
