,output_modality=email_external_message,output_modality=messages,output_modality=structured_document,output_modality=task_artifact,output_modality=unknown,output_modality=visual_image
edit_image,-0.01391604925059361,-0.10105442771059094,-0.04752519463536172,-0.04987267161624555,-0.011638108415873379,0.2647114664112175
find_similar_assets,-0.002135832184200118,0.009088742120515728,-0.003741982571549937,-0.0011204609287171923,-0.0018185731049318267,-0.006755325616189726
find_stale_tasks,-0.004729954422803953,0.10402640203539042,-0.04535960954795269,-0.043297158932776386,-0.013577932840628812,-0.049772381912972695
follow_up_cursor_agent,-0.000813980881321705,0.006505269476196368,-0.0028005585376215977,-0.0030736547048366434,-0.0007808561845238789,-0.002574502781331837
generate_image,-0.0176356503857354,-0.13487229716138557,-0.01370160655570117,-0.053012045686273095,-0.012596199511557136,0.28382658675847056
generate_project_summary,0.00024007385838736067,0.08417001350891276,-0.024219620949706137,-0.04067376663489984,-0.005904011647557174,-0.050365643304679374
