,external_integration_scope=calendar_integration,external_integration_scope=clickup_only,external_integration_scope=email_integration,external_integration_scope=multiple_external_systems,external_integration_scope=unknown,external_integration_scope=web_research_integration
rename_memory,-0.0006864332063150453,0.001792856519812193,-0.0007091230939297512,-0.0007933360050750967,-0.000443653064797492,-0.001037126960199683
retrieve_activity,-0.0049243386576720794,0.04724656407195565,0.015663065650878476,-0.004361167066166195,0.011753773878139888,-0.0688212175445735
retrieve_chat_messages,-0.005614799505687786,0.0010664526767888778,0.009812437072758534,0.0005425919704795395,-0.0010357844072491852,-0.0038331975240844147
retrieve_personal_priorities,0.0592854871998445,-0.026820067210502393,-0.0029552905250439365,0.09365577262328781,-0.000943241476284009,-0.04473363521610588
retrieve_tasks_by_filters,0.044307739253792035,0.02576371553178514,0.04230466984054344,0.036730268682798085,0.021198073124436053,-0.10514718552074914
search_clickup_help_center,-0.004703900878113617,-0.016347407617574056,-0.005156740396687033,0.01145324839823688,0.002478567820598277,0.01912997883248659
