,domain_knowledge_depth=deep,domain_knowledge_depth=light,domain_knowledge_depth=moderate,domain_knowledge_depth=none,domain_knowledge_depth=unknown
generate_project_update,-0.016246019636779352,0.08714120200034524,-0.07088833927721913,-0.005243078138956364,-0.0013390004422742694
generate_stand_up,-0.024470327263012515,0.05295269252504038,-0.07667916247456884,0.06859945087291928,-0.0011646613856722409
get_cursor_agent,-0.0017581116742085786,0.008545720733737012,-0.0060429272522230185,-0.0019427139861389717,-7.919784115134341e-05
gmail_create_draft,-0.006539556394019244,0.024176266651547165,-0.02326853772245855,0.00668256979600698,-0.000701092270368241
gmail_fetch_drafts,-0.005136421072200185,0.016191630191286752,-0.013721480755712395,0.0019336862367858591,-0.0003540584091661149
launch_cursor_agent,-0.0023665629958613678,0.011503243370777955,-0.008134277379297268,-0.0026150528994174295,-0.00010660681171191492
