,edit_image,find_similar_assets,find_stale_tasks,follow_up_cursor_agent,generate_image,generate_project_summary
use_case_context=entertainment,-0.0008323871383585775,-0.0011440606493202951,-0.008437600289579095,-0.0004360096745934092,0.020827741696244174,-0.008587084829159524
use_case_context=general_productivity,-0.004645271084019799,0.007955182846658911,0.10117363905051703,0.008281176197273019,-0.043185558005453456,0.07840598577996064
use_case_context=personal_productivity,0.00999454516742378,-0.002872176768011434,-0.012288633360029489,-0.001457532184791428,0.02425473047566325,-0.02231982461966405
use_case_context=personal_use_case,-0.012630760374619833,-0.006775028790028713,-0.046249559330123896,-0.002591653376418637,0.010978430150447346,-0.04544420171009304
use_case_context=specific_use_case,0.009293907643272594,-0.0017605487850403097,-0.061195179717291937,-0.0056781505635105246,0.022047336213883825,-0.035140569257502106
use_case_context=test_or_placeholder,-0.0028207544935109825,-0.00037599532843705534,-0.002773015830922754,-0.00014329450182372862,-0.0038111103161054876,-0.00022958686369546668
use_case_context=unknown,-0.0016729325821229462,-0.00022299524368936857,-0.0016446197444568089,-8.498507810284804e-05,-0.0023392102583404397,-0.0016737566100165997
