,domain_knowledge_depth=deep,domain_knowledge_depth=light,domain_knowledge_depth=moderate,domain_knowledge_depth=none,domain_knowledge_depth=unknown
tone_and_persona=casual_friendly,-0.14388039929231985,-0.06725410987543227,0.10022230601017615,0.0694133135355435,-0.00890048153048198
tone_and_persona=empathetic_supportive,-0.012626733921732703,-0.10908527083106392,0.12250503766872343,-0.021447753237271126,-0.004465824489900753
tone_and_persona=professional_formal,0.09702538487623284,0.15242049170236374,-0.17998865462112063,-0.02704532719730089,-0.009929727821347798
tone_and_persona=technical_precise,0.08493689701518828,-0.04582442993082948,0.029728412184780915,-0.05424536607845864,-0.0034714486429926867
tone_and_persona=unknown,0.011115877926774272,0.0033059873346535868,-0.01776904954270106,0.010922220907872784,0.0949821818835954
