,post_chat_message,post_reply,post_slack_message,post_task_comment,read_memory,reflect
functional_archetype=analyzer,-0.00722356752175085,0.009408615783620773,-0.007962550431492445,-0.008356917349618062,0.022643956208420035,-0.002119299458608039
functional_archetype=communicator,0.09139686208119696,-0.06114336937027391,0.040368806193935305,-0.00336315009186619,0.047213951085393904,0.0029854019530850856
functional_archetype=creator,-0.19076022478740928,0.33463785858455525,-0.03488532986220155,-0.13940929871504318,-0.16419995838535742,-0.002316024659500857
functional_archetype=enforcer,-0.03892037754011852,-0.07885687902293159,-0.0010724969679688442,0.08091360006003016,-0.0048392825923256255,-0.0015416100044199172
functional_archetype=monitor,0.32728564967282275,-0.2668250857244606,0.05719755862455279,0.07611335767613592,0.13814315103666047,0.005457565159174822
functional_archetype=organizer,-0.060336381344811646,-0.10773169499188955,-0.017792737757909877,0.06838216807385396,0.037486325201975104,-0.0008599957802214774
functional_archetype=unknown,-0.007016229798903578,-0.0027040980656182307,-0.0015009570078567144,-0.0034761425993656515,0.01349704733160313,-0.00029567249787878716
