,team_orientation=individual,team_orientation=larger_team,team_orientation=small_team,team_orientation=unknown
autonomy_level=autonomous,-0.06105954170164706,0.05959701613026634,0.0389197322325978,-0.009044683964061549
autonomy_level=consultative,0.10679191489406809,-0.07039682856710468,-0.06946535992872073,-0.03858262430239039
autonomy_level=human_in_the_loop,-0.030673791731938536,0.013299682206158058,0.04060061239698536,-0.021732392755708877
autonomy_level=unknown,-0.1909149362395514,-0.001578922673773706,-0.006699028174889367,0.5676252905797851
