,use_case_context=entertainment,use_case_context=general_productivity,use_case_context=personal_productivity,use_case_context=personal_use_case,use_case_context=specific_use_case,use_case_context=test_or_placeholder,use_case_context=unknown
generate_project_update,-0.006869643002621096,0.06741391412452025,-0.01874316198832716,-0.0355386336641481,-0.032902699523605514,-0.0004367234941900566,-0.0013390004422742722
generate_stand_up,-0.005975209332206663,0.09444912841089696,-0.004844247511765448,-0.033394036606873886,-0.06699256496983103,-0.0019637514817750054,-0.0011646613856722268
get_cursor_agent,-0.00040631868228807296,0.007717252153656959,-0.0013582784768919754,-0.0024151693097999192,-0.005291485004203963,-0.00013353656249586064,-7.919784115134341e-05
gmail_create_draft,-0.003596902179618863,0.004604862071202796,-0.006395453814898878,-0.017316209862563183,0.0106318769030212,3.9571058199519705e-05,-0.000701092270368253
gmail_fetch_drafts,-0.0018164705524039819,0.004055016021814679,-0.001837220515599458,-0.00729259868234981,0.002087587516270815,-0.00037091721791582553,-0.0003540584091661142
launch_cursor_agent,-0.00054693838402669,0.010388056483839142,-0.0018283546083239688,-0.0032510166453933588,-0.0071227742741321225,-0.0001797512024027107,-0.0001066068117119151
