,external_integration_scope=calendar_integration,external_integration_scope=clickup_only,external_integration_scope=email_integration,external_integration_scope=multiple_external_systems,external_integration_scope=unknown,external_integration_scope=web_research_integration
edit_image,-0.018902449782751293,0.04883466801394995,-0.018567533208510307,-0.020746292926726424,-0.011411491244362382,-0.029246797502575944
find_similar_assets,-0.002322390334871399,0.006955225971611554,-0.0027257272292567493,-0.002527114133063287,-0.0016345997312243116,-0.004540171671268943
find_stale_tasks,-0.008676726007909951,0.03259925462878525,0.0020586336692734616,-0.005767388595365186,0.0026204740012753867,-0.03694756561979206
follow_up_cursor_agent,-0.000963858539531077,0.0030585024388727266,-0.0010517602553114307,-0.0011139666265769115,-0.0006229576179593544,-0.0021318051618237246
generate_image,-0.026103746036687563,0.03341907216646369,-0.025017001691476783,-0.020845590149956045,-0.013260348094627955,-0.001553122249878449
generate_project_summary,-0.010994506136317615,0.02878755228242024,0.0012756302836379602,-0.0047278801313827,0.0005445017259383962,-0.030347912002063587
