,functional_archetype=analyzer,functional_archetype=communicator,functional_archetype=creator,functional_archetype=enforcer,functional_archetype=monitor,functional_archetype=organizer,functional_archetype=unknown
data_flow_direction=bidirectional,-0.024950945101591137,0.14971544967520709,-0.15411586209901382,-0.03739637025021027,-0.04883725980231733,0.16756539540406773,-0.008982272726678129
data_flow_direction=inbound,-0.020395495117030323,-0.011976529273545714,-0.046898671653573865,-0.008600364278195046,-0.02235601772907256,0.09078971075662273,-0.0018943839830493502
data_flow_direction=outbound,-0.014541819806398935,0.010161483145454125,0.648956675625667,-0.13759042428424859,-0.2627077594010483,-0.4416588138723029,-0.02781859496382533
data_flow_direction=processing,0.030006032605931366,-0.08517391215438518,-0.5552281109253425,0.15642582816097425,0.2883878694580952,0.34150031476255893,-0.032529162447237796
data_flow_direction=unknown,-0.005441551093927228,-0.004833958394509471,-0.01683015922815693,-0.003131302363270958,-0.01354277247110909,-0.021179708707584143,0.7903191578457601
