,post_chat_message,post_reply,post_slack_message,post_task_comment,read_memory,reflect
domain_knowledge_depth=deep,-0.032419782232031784,-0.0025484009823833766,-0.006973611117266519,0.02406607012844516,0.01410155433272698,-0.002346277101230004
domain_knowledge_depth=light,0.10238567774163286,-0.17297340506252937,0.036729824420972314,0.07088092642060884,0.06656844937704154,0.002558477191972621
domain_knowledge_depth=moderate,-0.14943802949940105,0.21658228270040009,-0.03585478802618936,-0.07897090802002228,-0.07760559297513539,-0.003513767367981251
domain_knowledge_depth=none,0.1210567381915537,-0.08911943657737835,0.008281324727055818,-0.0015044740954513478,0.011988987796959949,0.004056536408520458
domain_knowledge_depth=unknown,-0.004048050241766448,-0.0011510942493458847,-0.0005969826319271625,-0.0026318537249990373,0.006242350600594149,-0.00011759920174143207
