,trigger=\N,trigger=assignment,trigger=automation,trigger=dm,trigger=introduction,trigger=manual,trigger=mention,trigger=scheduled,trigger=task_comment_mention,trigger=unknown
autonomy_level=autonomous,-0.034386085951448896,-0.0006426766913762698,0.07992240024997789,-0.09145044183340799,-0.08368334842359237,0.02049058723367994,-0.005585584427640906,0.1695840718762836,-0.010495927935784105,0.005238755519681101
autonomy_level=consultative,0.037987060793526296,-0.02622736142257241,-0.15084262398725284,0.12750523303716443,0.11353229756504311,-0.017561428656753548,0.0012408893043548345,-0.18860724148847155,-0.00931874656685055,0.0015972180983104274
autonomy_level=human_in_the_loop,-0.003950022975718396,0.03366649917450256,0.09320036972120309,-0.045441019724099294,-0.03731056678832834,-0.0040490978768546355,0.0053371928790986204,0.022865108422108812,0.02649566417345463,-0.014130546553182882
autonomy_level=unknown,-0.0007287026163647408,0.012570958950141117,-0.007004153313254278,-0.0024677235538296594,-0.0030191833811158493,-0.0016274089569988512,0.003493547217996604,-0.007858661429100496,-0.0005191450639800677,0.033317571116639765
