,template_is_custom,template_is_templated,template=custom,template=unknown
add_agent_schedule,0.014188325771441511,,0.014188325771441511,-0.01418832577144144
add_task_to_list,0.007009590837726812,,0.007009590837726812,-0.00700959083772682
check_calendar_availability,0.006645635363671027,,0.006645635363671027,-0.006645635363671076
complete_execution,0.0025840474953611587,,0.0025840474953611587,-0.002584047495361121
create_custom_field,0.008833084605593055,,0.008833084605593055,-0.008833084605592996
create_document,0.03637833282694028,,0.03637833282694028,-0.03637833282694024
