feature,coefficient
\N,-0.13445549707998544
assignment,0.1998474851986678
automation,0.5345830876435334
dm,0.42274807801553077
introduction,-2.172498079398874
manual,-0.011676371399223943
mention,0.12542736307723798
scheduled,1.5869046741705992
task_comment_mention,0.26484457681446205
